/10_01.input.gz	1	0	0	0	0.0009510000000000352	0
/10_02.input.gz	1	3	2	0.013660815513225621	0.0020589999999999775	2
/10_03.input.gz	1	0	0	0	0.0009719999999999729	0
/10_04.input.gz	1	0	0	0	0.0009600000000000164	0
/10_05.input.gz	1	0	0	0	0.0009539999999999549	0
/10_06.input.gz	1	2	1	0.016332823047692235	0.0017280000000000073	1
/10_07.input.gz	1	2	1	0.1823201217257473	0.0017179999999999973	1
/10_08.input.gz	1	2	1	0.18001968329278162	0.001729000000000036	1
/10_09.input.gz	1	4	3	0.3869472333606194	0.002039000000000013	3
/10_10.input.gz	1	0	0	0	0.0009599999999999609	0
/10_11.input.gz	1	2	1	0.026885410864195824	0.0016969999999999485	1
/10_12.input.gz	1	0	0	0	0.0009609999999999896	0
/10_13.input.gz	1	4	3	0.325129859010445	0.002438999999999969	3
/10_14.input.gz	1	0	0	0	0.0009539999999999549	0
/10_15.input.gz	1	2	1	0.09358797017402298	0.0017149999999999666	1
/10_16.input.gz	1	8	7	0.6594739456735434	0.024903999999999926	29
/10_17.input.gz	1	2	1	0.0705978253489632	0.00171300000000002	1
/10_18.input.gz	1	6	5	0.5457652873060608	0.002519000000000049	5
/10_19.input.gz	1	7	6	0.3387218209220322	0.012869999999999993	17
/10_20.input.gz	1	4	2	0.01911054592159167	0.0021460000000000368	2
/10_21.input.gz	1	2	1	0.015402868469517772	0.001860999999999946	1
/10_22.input.gz	1	8	7	0.3048457115461707	0.003323000000000076	7
/10_23.input.gz	1	2	1	0.0054270774326559135	0.0017420000000000213	1
/10_24.input.gz	1	7	6	0.12173977191760676	0.004579999999999973	12
/10_25.input.gz	1	6	7	0.27995099738223583	0.011750000000000038	14
/10_26.input.gz	1	0	0	0	0.0009629999999999361	0
/10_27.input.gz	1	5	3	0.12555019523624567	0.002269000000000021	3
/10_28.input.gz	1	7	10	0.8614738573941554	0.013896999999999993	26
/10_29.input.gz	1	3	2	0.07069930441263361	0.0020549999999999735	2
/10_30.input.gz	1	0	0	0	0.0009480000000000599	0
/10_31.input.gz	1	2	1	0.03419301843936284	0.001719000000000026	1
/10_32.input.gz	1	0	0	0	0.0009560000000000124	0
/10_33.input.gz	1	0	0	0	0.0009770000000000056	0
/10_34.input.gz	1	8	9	0.2673345438706542	0.03099799999999997	33
/10_35.input.gz	1	2	1	0.1281201821635085	0.0017079999999999873	1
/10_36.input.gz	1	7	5	0.6586355686605958	0.0026720000000000077	5
/10_37.input.gz	1	3	2	0.17199775316377153	0.0020600000000000618	2
/10_38.input.gz	1	5	3	0.02491247677732833	0.002267000000000019	3
/10_39.input.gz	1	3	2	0.2653774037200092	0.0020759999999999668	2
/10_40.input.gz	1	6	5	0.15670793302210484	0.00381999999999999	8
/10_41.input.gz	1	8	8	0.36531597302397056	0.028254999999999975	33
/10_42.input.gz	1	0	0	0	0.0009729999999999461	0
/10_43.input.gz	1	6	5	0.4341485661831466	0.003523000000000054	8
/10_44.input.gz	1	7	7	0.8429023331838943	0.013502999999999987	19
/10_45.input.gz	1	0	0	0	0.0009710000000000552	0
/10_46.input.gz	1	9	9	0.7787624516785101	0.014079000000000008	23
/10_47.input.gz	1	0	0	0	0.0010150000000000436	0
/10_48.input.gz	1	4	4	0.7163764634811196	0.002844000000000013	5
/10_49.input.gz	1	2	1	0.23727284123479886	0.0017059999999999298	1
/10_50.input.gz	1	2	1	0.00872429098182459	0.0017159999999999953	1
/20_01.input.gz	1	15	15	0.2832218811012042	0.11148300000000005	170
/20_02.input.gz	1	10	9	0.6537025964273475	0.01399800000000001	16
/20_03.input.gz	1	15	19	1.074846352454626	0.17346600000000012	490
/20_04.input.gz	1	3	2	0.28919372153827294	0.0020479999999999943	2
/20_05.input.gz	1	4	3	0.024537723226976116	0.002535000000000065	4
/20_06.input.gz	1	14	18	0.690244833195786	0.14075599999999994	316
/20_07.input.gz	1	8	7	0.4175536247913676	0.01032700000000003	15
/20_08.input.gz	1	16	22	1.039682407177021	0.05185400000000007	123
/20_09.input.gz	1	11	15	0.6764081569174456	0.08313400000000004	134
/20_10.input.gz	1	9	9	1.0538864485521198	0.009655999999999998	15
/20_11.input.gz	1	5	3	0.12406642063273376	0.0023659999999999792	3
/20_12.input.gz	1	9	8	1.4535014060053817	0.004245999999999972	8
/20_13.input.gz	1	8	9	0.35206072187140736	0.030400999999999956	39
/20_14.input.gz	1	13	14	1.1425022650711045	0.08580399999999999	130
/20_15.input.gz	1	17	29	0.9414487825431986	0.395053	1542
/20_16.input.gz	1	13	14	1.7856979676097873	0.08763599999999999	153
/20_17.input.gz	1	5	4	0.03691526183517779	0.0024550000000000405	4
/20_18.input.gz	1	14	13	0.273501885586565	0.03634700000000002	66
/20_19.input.gz	1	4	4	1.0748699159949717	0.002713999999999994	5
/20_20.input.gz	1	14	15	1.564749658962778	0.06320100000000001	113
/20_21.input.gz	1	15	19	0.6518802667450051	0.11458099999999993	200
/20_22.input.gz	1	14	29	0.8646111791667473	1.406261	4684
/20_23.input.gz	1	6	4	0.3455924894833329	0.0025139999999999607	4
/20_24.input.gz	1	12	11	0.1941798669054613	0.02382899999999999	32
/20_25.input.gz	1	9	10	1.0313606718297113	0.016688000000000036	28
/20_26.input.gz	1	16	31	1.4494886047704956	0.8025459999999998	2855
/20_27.input.gz	1	4	4	0.0914050447009185	0.0029340000000000477	6
/20_28.input.gz	1	12	12	0.7775360997800338	0.022628999999999955	29
/20_29.input.gz	1	18	24	1.1831606004159902	0.6797550000000001	2082
/20_30.input.gz	1	13	18	0.7653936707197425	0.14058499999999996	312
/20_31.input.gz	1	10	11	1.4757468152129978	0.076216	92
/20_32.input.gz	1	14	14	1.3573361682442577	0.03978599999999993	67
/20_33.input.gz	1	2	1	0.027295358471904674	0.0017329999999999846	1
/20_34.input.gz	1	7	6	0.07010829051495393	0.0031970000000000054	6
/20_35.input.gz	1	14	25	0.8843087719618603	0.275934	911
/20_36.input.gz	1	12	17	0.7347831088822538	0.1628559999999999	401
/20_37.input.gz	1	13	23	1.1337321924955686	0.19556600000000002	619
/20_38.input.gz	1	5	4	0.5286190782640108	0.002455999999999958	4
/20_39.input.gz	1	12	13	1.73525508521121	0.059836	73
/20_40.input.gz	1	15	22	1.110745561905144	0.21766000000000002	670
/20_41.input.gz	1	11	15	0.7242295134873111	0.028712000000000015	51
/20_42.input.gz	1	14	13	0.9806622266011567	0.03667100000000001	73
/20_43.input.gz	1	14	22	1.2350758413487237	0.296452	1045
/20_44.input.gz	1	11	10	1.0797057848683702	0.03240900000000002	49
/20_45.input.gz	1	17	23	1.0579747698324824	0.45866599999999996	1421
/20_46.input.gz	1	8	7	1.189584839113062	0.00876599999999994	12
/20_47.input.gz	1	17	22	1.3415452957538851	0.586573	1697
/20_48.input.gz	1	12	15	0.9015934728237194	0.12277699999999997	254
/20_49.input.gz	1	3	2	0.1548566721767366	0.002049000000000023	2
/20_50.input.gz	1	15	18	0.9252059530910174	0.25114900000000007	712
/30_01.input.gz	1	21	35	2.4872938928380344	10.795734999999999	21310
/30_02.input.gz	1	9	14	0.8268313731776256	0.09878100000000001	173
/30_03.input.gz	1	10	9	0.8345714170383283	0.024886999999999992	27
/30_04.input.gz	1	12	10	0.37755793652452585	0.03667200000000004	37
/30_05.input.gz	1	6	6	0.06043774269989877	0.006068999999999991	12
/30_06.input.gz	1	17	22	1.66597857767059	0.5765279999999999	1591
/30_07.input.gz	1	2	1	0.20256812641404776	0.0017550000000000066	1
/30_08.input.gz	1	18	26	0.9451524009372473	0.455455	1355
/30_09.input.gz	1	24	38	2.2041121725884962	14.112762	26407
/30_10.input.gz	1	19	24	1.2723626295657122	0.135413	317
/30_11.input.gz	1	9	12	1.6899586563472406	0.08312599999999998	106
/30_12.input.gz	1	18	17	0.14131190402727767	0.013222999999999985	17
/30_13.input.gz	1	12	13	1.7807339587909692	0.09754400000000002	175
/30_14.input.gz	1	12	17	1.5471484613700228	0.16351000000000004	375
/30_15.input.gz	1	21	23	0.7880406627588287	0.1593420000000001	378
/30_16.input.gz	1	26	44	3.0840292214189566	27.892126	52859
/30_17.input.gz	1	5	6	0.022739329768341147	0.00559599999999999	12
/30_18.input.gz	1	20	32	1.6022058054327386	11.798075999999998	23615
/30_19.input.gz	1	19	23	0.5814653433808509	0.274131	725
/30_20.input.gz	1	13	15	0.43802888924782407	0.10550300000000001	196
/30_21.input.gz	1	7	5	0.2864065607642716	0.0033660000000000356	7
/30_22.input.gz	1	20	29	0.8003998510423515	0.23871899999999996	666
/30_23.input.gz	1	20	28	1.0395577900228767	0.9397409999999999	3300
/30_24.input.gz	1	26	58	1.2712073704169558	479.22299699999996	469013
/30_25.input.gz	1	23	35	1.4333736584016634	3.2422609999999996	8289
/30_26.input.gz	1	10	11	0.3226996476333714	0.04699399999999998	90
/30_27.input.gz	1	24	54	1.8645974239689536	114.818411	165049
/30_28.input.gz	1	20	23	2.0062964532926535	0.430723	1141
/30_29.input.gz	1	13	18	0.832134574559487	0.13220400000000004	224
/30_30.input.gz	1	14	29	1.1700329787637849	1.4453259999999999	4842
/30_31.input.gz	1	16	30	1.3715428237955374	3.615021	9923
/30_32.input.gz	1	17	20	1.0962938527116102	0.433502	1058
/30_33.input.gz	1	22	30	1.386454269343761	1.365823	4014
/30_34.input.gz	1	20	36	1.3015343895739842	1.418489	5295
/30_35.input.gz	1	20	21	0.7168582531995569	0.275755	664
/30_36.input.gz	1	12	13	0.26625690871071983	0.07706800000000003	101
/30_37.input.gz	1	21	44	1.7741014612152848	166.535142	181440
/30_38.input.gz	1	21	26	0.8771223312622766	0.6464939999999999	1797
/30_39.input.gz	1	20	37	2.753832361012738	16.023184	28903
/30_40.input.gz	1	19	19	1.444564459470691	0.19582	443
/30_41.input.gz	1	26	45	1.310972687243218	12.193607	31395
/30_42.input.gz	1	26	50	2.917736197845042	222.451712	240136
/30_43.input.gz	1	22	31	1.335556242844208	2.099431	5362
/30_44.input.gz	1	24	42	1.1764549961453423	3.646433	10801
/30_45.input.gz	1	14	11	0.6307568733928581	0.014753000000000016	23
/30_46.input.gz	1	24	46	1.9164116487715357	4.811687999999999	14123
/30_47.input.gz	1	20	26	1.3953406761929248	0.27312	947
/30_48.input.gz	1	17	27	2.7738796088264874	0.600637	2185
/30_49.input.gz	1	8	9	0.2647744766286151	0.023265999999999953	33
/30_50.input.gz	1	12	14	1.483609184186822	0.07686100000000001	125
/40_01.input.gz	1	22	18	0.9987691214943755	0.01139800000000002	18
/40_02.input.gz	1	17	16	1.123934706156829	0.03303400000000001	53
/40_03.input.gz	1	26	41	2.116507182170509	81.093725	94361
/40_04.input.gz	1	25	60	2.0125159831632065	532.987158	545434
/40_05.input.gz	1	29	60	None	3600.0027809999997	936652
/40_06.input.gz	1	18	19	2.111098416606758	0.12598699999999996	214
/40_07.input.gz	1	27	34	2.0135094262801796	15.246669999999998	27266
/40_08.input.gz	1	35	62	1.9322019390047158	9.398266	25297
/40_09.input.gz	1	19	20	0.7446195970970194	0.432896	1013
/40_10.input.gz	1	18	29	1.1729514764070403	0.4156949999999999	1318
/40_11.input.gz	1	25	40	0.669321547911938	241.550919	179932
/40_12.input.gz	1	30	49	1.824619942651148	1242.808627	688281
/40_13.input.gz	1	22	40	1.0066249700003893	75.536368	95442
/40_14.input.gz	1	33	53	1.9826996015002258	51.314912	81063
/40_15.input.gz	1	30	40	1.4388137181768288	8.364933	18171
/40_16.input.gz	1	33	69	None	3600.003961	552590
/40_17.input.gz	1	32	63	2.4259167447674574	776.019876	650991
/40_18.input.gz	1	21	35	1.2079693028709146	31.207926	45634
/40_19.input.gz	1	27	55	1.9188308941390368	375.89088100000004	329773
/40_20.input.gz	1	24	20	1.6948893439700081	0.015337000000000045	20
/40_21.input.gz	1	34	68	None	3600.0027290000003	685166
/40_22.input.gz	1	12	10	1.0733031665008799	0.05121799999999993	62
/40_23.input.gz	1	29	58	1.9536273664053434	522.488243	481758
/40_24.input.gz	1	12	9	0.6871766915748383	0.008738000000000024	13
/40_25.input.gz	1	30	41	2.9684222614379823	50.359984999999995	66239
/40_26.input.gz	1	18	28	3.004153696439979	5.3007409999999995	12503
/40_27.input.gz	1	26	40	0.6331175472447205	3.442416	10171
/40_28.input.gz	1	24	33	2.5946590535297105	2.684628	6677
/40_29.input.gz	1	31	55	None	3600.027788	1062209
/40_30.input.gz	1	27	52	1.8649191998023746	1129.641966	643783
/40_31.input.gz	1	33	48	2.4165789169068983	62.495733	78587
/40_32.input.gz	1	27	75	None	3600.0040830000003	1402877
/40_33.input.gz	1	32	45	2.361985694993402	79.40184799999999	74267
/40_34.input.gz	1	31	87	None	3600.5544879999998	495363
/40_35.input.gz	1	22	31	1.3575052683198292	5.67016	12039
/40_36.input.gz	1	25	26	0.6474840833356139	0.806994	2212
/40_37.input.gz	1	33	55	None	3600.148553	906457
/40_38.input.gz	1	30	62	None	3600.004888	522006
/40_39.input.gz	1	9	6	0.6226799098973532	0.004840000000000011	6
/40_40.input.gz	1	22	24	2.217532599466596	0.05595800000000001	102
/40_41.input.gz	1	27	38	1.8734085260654472	74.363201	75571
/40_42.input.gz	1	28	38	0.7770349568328311	68.39519000000001	89432
/40_43.input.gz	1	16	16	0.47152894443848936	0.033441	57
/40_44.input.gz	1	32	55	1.890702040079085	100.36675	130682
/40_45.input.gz	1	27	40	1.524874561890795	7.820737999999999	18727
/40_46.input.gz	1	20	26	0.9045282067367876	0.45078699999999994	1337
/40_47.input.gz	1	17	30	2.497748635934665	1.6535849999999999	5659
/40_48.input.gz	1	17	15	0.42650538087340695	0.011980999999999964	15
/40_49.input.gz	1	22	24	0.8862579043065105	0.10473100000000002	222
/40_50.input.gz	1	33	70	None	3600.297773	1247595
/50_01.input.gz	1	28	45	2.381601486069802	193.88921299999998	181201
/50_02.input.gz	1	36	59	None	3600.001617	960508
/50_03.input.gz	1	39	61	None	3600.030769	124385
/50_04.input.gz	1	40	74	2.412340239304404	1577.35309	1174592
/50_05.input.gz	1	39	65	None	3600.0045179999997	1403156
/50_06.input.gz	1	30	32	1.880734383853532	0.574259	1737
/50_07.input.gz	1	37	67	None	3600.1246800000004	274831
/50_08.input.gz	1	30	50	2.1879790198517886	2710.975364	991185
/50_09.input.gz	1	38	77	None	3600.207632	357885
/50_10.input.gz	1	31	45	3.216259538795328	1257.469697	577207
/50_11.input.gz	1	42	88	None	3600.015767	235293
/50_12.input.gz	1	25	59	3.3053936028140556	1327.997819	991126
/50_13.input.gz	1	41	80	None	3600.0124669999996	206328
/50_14.input.gz	1	29	53	None	3600.007888	849471
/50_15.input.gz	1	29	32	1.0801289214889183	3.189807	6844
/50_16.input.gz	1	46	106	None	3600.0031369999997	824321
/50_17.input.gz	1	24	57	2.479751269708727	2818.439282	1429004
/50_18.input.gz	1	27	33	1.7797806600534907	14.986374999999999	25105
/50_19.input.gz	1	31	42	2.076365281702537	379.066519	252894
/50_20.input.gz	1	39	73	None	3600.00227	608328
/50_21.input.gz	1	26	31	1.615529295397781	0.6210180000000001	1634
/50_22.input.gz	1	33	47	2.137303420307842	128.3459	132623
/50_23.input.gz	1	42	75	2.030781832304404	1434.757356	987605
/50_24.input.gz	1	30	61	2.0029933757966956	63.257827	126348
/50_25.input.gz	1	31	66	None	3600.006591	243753
/50_26.input.gz	1	31	61	4.790422053515473	1827.217814	1061968
/50_27.input.gz	1	34	57	None	3600.017544	686028
/50_28.input.gz	1	39	85	None	3600.0008070000003	170410
/50_29.input.gz	1	30	43	3.5379385834739407	255.456781	188478
/50_30.input.gz	1	34	78	None	3600.02927	160637
/50_31.input.gz	1	19	35	0.39282471491641374	7.1494789999999995	18733
/50_32.input.gz	1	35	64	None	3600.9619610000004	818744
/50_33.input.gz	1	43	89	None	3600.003126	791638
/50_34.input.gz	1	35	84	None	3600.015018	81636
/50_35.input.gz	1	37	128	None	3600.004426	217974
/50_36.input.gz	1	36	82	None	3600.001921	900227
/50_37.input.gz	1	42	97	None	3600.012456	56510
/50_38.input.gz	1	37	88	None	3600.220727	152429
/50_39.input.gz	1	27	37	3.9311254441667307	421.53048499999994	264005
/50_40.input.gz	1	15	17	1.0609474121366966	0.03521399999999997	60
/50_41.input.gz	1	42	87	None	3600.015125	84575
/50_42.input.gz	1	42	120	None	3600.0069489999996	151897
/50_43.input.gz	1	28	35	0.7605670958227768	8.433919000000001	14735
/50_44.input.gz	1	45	148	None	3600.5818600000002	11978
/50_45.input.gz	1	33	55	None	3600.017636	475840
/50_46.input.gz	1	24	31	1.955756657082495	1.720577	5201
/50_47.input.gz	1	45	145	None	3600.1313420000006	22386
/50_48.input.gz	1	31	91	1.843958431798536	1345.164679	1317202
/50_49.input.gz	1	34	46	2.3017923062149888	320.372903	218528
/50_50.input.gz	1	23	23	0.9233346988432837	0.10644100000000006	259
/10_01.input.gz	2	0	0	0	0.0018389999999999795	0
/10_02.input.gz	2	3	2	0.014844116836723528	0.003080000000000027	4
/10_03.input.gz	2	0	0	0	0.001813000000000009	0
/10_04.input.gz	2	0	0	0	0.001858999999999944	0
/10_05.input.gz	2	0	0	0	0.0018079999999999763	0
/10_06.input.gz	2	2	1	0.016332823047692235	0.0029569999999999874	1
/10_07.input.gz	2	2	1	0.1823201217257473	0.0019480000000000053	1
/10_08.input.gz	2	2	1	0.18001968329278162	0.00310399999999994	1
/10_09.input.gz	2	4	3	0.49162852536867246	0.005170000000000008	9
/10_10.input.gz	2	0	0	0	0.0017909999999999315	0
/10_11.input.gz	2	2	1	0.026885410864195824	0.0019569999999999865	1
/10_12.input.gz	2	0	0	0	0.0018120000000000358	0
/10_13.input.gz	2	4	3	0.5603488970632934	0.006508999999999987	9
/10_14.input.gz	2	0	0	0	0.0018690000000000095	0
/10_15.input.gz	2	2	1	0.09358797017402298	0.0019409999999999705	1
/10_16.input.gz	2	8	7	0.9002533633600082	0.24995099999999998	235
/10_17.input.gz	2	2	1	0.0705978253489632	0.002935000000000021	1
/10_18.input.gz	2	6	5	0.7609155471437767	0.011952999999999991	25
/10_19.input.gz	2	7	6	0.5287302418788558	0.11371300000000006	101
/10_20.input.gz	2	4	2	0.01911054592159167	0.0023659999999999792	2
/10_21.input.gz	2	2	1	0.015402868469517772	0.00292199999999998	1
/10_22.input.gz	2	8	7	0.47769042567464276	0.031204999999999983	49
/10_23.input.gz	2	2	1	0.0054270774326559135	0.0019309999999999605	1
/10_24.input.gz	2	7	6	0.19870125948158807	0.07704599999999995	104
/10_25.input.gz	2	6	7	0.43978176388939083	0.11818200000000001	172
/10_26.input.gz	2	0	0	0	0.0018349999999999755	0
/10_27.input.gz	2	5	3	0.14633520637709166	0.004431000000000018	5
/10_28.input.gz	2	7	10	0.9767734244635539	0.208965	602
/10_29.input.gz	2	3	2	0.1374817633874148	0.0040859999999999785	4
/10_30.input.gz	2	0	0	0	0.001827000000000023	0
/10_31.input.gz	2	2	1	0.03419301843936284	0.0019460000000000033	1
/10_32.input.gz	2	0	0	0	0.0018319999999999448	0
/10_33.input.gz	2	0	0	0	0.0011679999999999469	0
/10_34.input.gz	2	8	9	0.39679251019663986	0.36191700000000004	825
/10_35.input.gz	2	2	1	0.1281201821635085	0.002968000000000026	1
/10_36.input.gz	2	7	5	0.6856201570328802	0.008500999999999925	17
/10_37.input.gz	2	3	2	0.24292377658963954	0.0030950000000000144	4
/10_38.input.gz	2	5	3	0.040348190262136735	0.004483999999999988	5
/10_39.input.gz	2	3	2	0.38082648098731114	0.003164	4
/10_40.input.gz	2	6	5	0.2810841664735278	0.03527399999999997	49
/10_41.input.gz	2	8	8	0.5303845071564232	0.3410540000000001	544
/10_42.input.gz	2	0	0	0	0.0011660000000000559	0
/10_43.input.gz	2	6	5	0.5631249840833892	0.05284299999999997	49
/10_44.input.gz	2	7	7	1.2404572396168598	0.19871100000000003	249
/10_45.input.gz	2	0	0	0	0.0011700000000000044	0
/10_46.input.gz	2	9	9	1.1659977800612227	0.22183600000000003	443
/10_47.input.gz	2	0	0	0	0.0011689999999999756	0
/10_48.input.gz	2	4	4	1.025122077699796	0.013638999999999957	23
/10_49.input.gz	2	2	1	0.23727284123479886	0.002923000000000009	1
/10_50.input.gz	2	2	1	0.00872429098182459	0.0029569999999999874	1
/20_01.input.gz	2	15	15	0.49763339945589397	2.3781499999999998	16325
/20_02.input.gz	2	10	9	0.8510673280483411	0.11625799999999997	221
/20_03.input.gz	2	15	19	1.6105478645015214	14.140807	143652
/20_04.input.gz	2	3	2	0.3208818096229695	0.003082000000000029	4
/20_05.input.gz	2	4	3	0.024670001884458868	0.007682999999999995	11
/20_06.input.gz	2	14	18	1.1250651543039263	8.217858000000001	82296
/20_07.input.gz	2	8	7	0.6048465492222204	0.10970699999999994	167
/20_08.input.gz	2	16	22	1.3807482878739443	1.9619269999999998	13969
/20_09.input.gz	2	11	15	1.1541834572947365	2.463063	14898
/20_10.input.gz	2	9	9	1.306471073012447	0.09321499999999994	208
/20_11.input.gz	2	5	3	0.12921074534615662	0.0034540000000000126	5
/20_12.input.gz	2	9	8	1.8403718122376138	0.04921399999999998	64
/20_13.input.gz	2	8	9	0.5750816445849748	0.45313700000000007	1009
/20_14.input.gz	2	13	14	1.5422094664643309	2.246311	12441
/20_15.input.gz	2	17	29	1.147280051302827	290.577151	2209527
/20_16.input.gz	2	13	14	2.1331194047346798	2.3743610000000004	15877
/20_17.input.gz	2	5	4	0.056119365319154346	0.008677999999999964	16
/20_18.input.gz	2	14	13	0.420720074644441	0.7213849999999999	1613
/20_19.input.gz	2	4	4	1.1819430274010536	0.013654999999999973	23
/20_20.input.gz	2	14	15	2.3552467176427236	1.9008350000000003	10759
/20_21.input.gz	2	15	19	0.9734337159451817	4.082727	34702
/20_22.input.gz	2	14	29	None	3600.001521	9253363
/20_23.input.gz	2	6	4	0.4743424518361862	0.006061000000000094	10
/20_24.input.gz	2	12	11	0.3362002904907722	0.348688	799
/20_25.input.gz	2	9	10	1.5485244483172433	0.3085559999999999	584
/20_26.input.gz	2	16	31	2.3269082961378036	1942.9678880000001	7760437
/20_27.input.gz	2	4	4	0.16058063105663808	0.017538000000000054	26
/20_28.input.gz	2	12	12	1.158961156586399	0.25485299999999994	770
/20_29.input.gz	2	18	24	1.825910738836623	478.343235	3198835
/20_30.input.gz	2	13	18	1.3208946522713967	8.637134000000001	78083
/20_31.input.gz	2	10	11	1.5554573789423385	1.305819	5281
/20_32.input.gz	2	14	14	1.9903594063712866	0.899051	3532
/20_33.input.gz	2	2	1	0.027295358471904674	0.002882999999999969	1
/20_34.input.gz	2	7	6	0.12476025591084791	0.02114900000000003	36
/20_35.input.gz	2	14	25	1.2690059925469606	81.469571	781204
/20_36.input.gz	2	12	17	1.1881362761010175	14.530603000000001	139374
/20_37.input.gz	2	13	23	1.4422285074268275	33.976315	360018
/20_38.input.gz	2	5	4	0.7144845038129641	0.008518000000000026	16
/20_39.input.gz	2	12	13	1.8929640662593215	0.9684150000000002	4410
/20_40.input.gz	2	15	22	1.676625789361348	42.29612100000001	370821
/20_41.input.gz	2	11	15	1.0538444644479412	0.532902	2264
/20_42.input.gz	2	14	13	1.1376553978737547	0.875807	3076
/20_43.input.gz	2	14	22	1.6805433429572656	105.160289	940865
/20_44.input.gz	2	11	10	1.5620126835767405	0.556461	1225
/20_45.input.gz	2	17	23	1.3686871933651708	219.23438399999998	1625444
/20_46.input.gz	2	8	7	1.3435426596859534	0.063809	119
/20_47.input.gz	2	17	22	2.0049670866435116	311.808933	2302371
/20_48.input.gz	2	12	15	1.281324142080636	6.202906	45106
/20_49.input.gz	2	3	2	0.2743159256542576	0.004153000000000018	4
/20_50.input.gz	2	15	18	1.3096945192585288	38.137365	312332
/30_01.input.gz	2	21	35	None	3600.072738	8482732
/30_02.input.gz	2	9	14	1.1217039173034262	3.4969659999999996	27318
/30_03.input.gz	2	10	9	1.1899606708823907	0.263575	540
/30_04.input.gz	2	12	10	0.41743199952973054	0.40298	684
/30_05.input.gz	2	6	6	0.08422480164725928	0.07602000000000003	110
/30_06.input.gz	2	17	22	2.083751290251771	201.724227	1556474
/30_07.input.gz	2	2	1	0.20256812641404776	0.0019020000000000148	1
/30_08.input.gz	2	18	26	1.3922722222495931	214.87679200000002	1659239
/30_09.input.gz	2	24	38	None	3600.0027780000005	7121729
/30_10.input.gz	2	19	24	2.0911004592114937	9.521991	94115
/30_11.input.gz	2	9	12	2.288194306934281	1.500784	8342
/30_12.input.gz	2	18	17	0.2720655223720882	0.10841100000000004	289
/30_13.input.gz	2	12	13	2.37257087004044	2.975783	16477
/30_14.input.gz	2	12	17	1.9676898081088237	13.516397	119423
/30_15.input.gz	2	21	23	1.2463420087880794	13.264954	122858
/30_16.input.gz	2	26	44	None	3600.0051770000005	5933381
/30_17.input.gz	2	5	6	0.024110942937725574	0.09118500000000007	126
/30_18.input.gz	2	20	32	None	3600.0034560000004	6882208
/30_19.input.gz	2	19	23	0.701387451844125	46.323806999999995	411764
/30_20.input.gz	2	13	15	0.5984222523062067	3.9570019999999997	29453
/30_21.input.gz	2	7	5	0.3056061937303049	0.017183000000000004	27
/30_22.input.gz	2	20	29	1.2802174024315724	40.118378	388341
/30_23.input.gz	2	20	28	1.561231194091802	3124.0284400000005	8765812
/30_24.input.gz	2	26	58	None	3600.0104029999998	3521416
/30_25.input.gz	2	23	35	None	3600.015376	7934439
/30_26.input.gz	2	10	11	0.5107743986652894	1.234746	4912
/30_27.input.gz	2	24	54	None	3600.071962	5473255
/30_28.input.gz	2	20	23	2.9163708874333985	103.64965699999999	762727
/30_29.input.gz	2	13	18	1.1481673621142674	5.147878	44032
/30_30.input.gz	2	14	29	None	3600.0112070000005	8914791
/30_31.input.gz	2	16	30	None	3600.0241589999996	8501884
/30_32.input.gz	2	17	20	1.5523074015860818	127.36441400000001	741227
/30_33.input.gz	2	22	30	None	3600.001046	8960187
/30_34.input.gz	2	20	36	None	3600.010345	8358788
/30_35.input.gz	2	20	21	0.8124183458683443	34.715796	286139
/30_36.input.gz	2	12	13	0.4192177563671666	1.514238	7988
/30_37.input.gz	2	21	44	None	3600.0042289999997	4689997
/30_38.input.gz	2	21	26	1.2197646949019334	234.483882	1447620
/30_39.input.gz	2	20	37	None	3600.038732	8425032
/30_40.input.gz	2	19	19	1.8479947424333594	8.178289	41522
/30_41.input.gz	2	26	45	None	3600.01048	6296232
/30_42.input.gz	2	26	50	None	3600.0029210000002	4883943
/30_43.input.gz	2	22	31	None	3600.0007629999996	9674451
/30_44.input.gz	2	24	42	None	3600.001762	7622720
/30_45.input.gz	2	14	11	0.8335771634057106	0.18463600000000002	343
/30_46.input.gz	2	24	46	None	3600.048686	6607397
/30_47.input.gz	2	20	26	2.0261024652367405	93.044193	738001
/30_48.input.gz	2	17	27	3.2652486200239714	617.1984460000001	4083221
/30_49.input.gz	2	8	9	0.4171925385217424	0.327174	905
/30_50.input.gz	2	12	14	1.784169524275848	1.8374709999999999	9948
/40_01.input.gz	2	22	18	1.4527177124424977	0.06200599999999995	158
/40_02.input.gz	2	17	16	1.4906687873577549	0.5498510000000001	1874
/40_03.input.gz	2	26	41	None	3600.0326359999995	6395942
/40_04.input.gz	2	25	60	None	3600.6667249999996	2822895
/40_05.input.gz	2	None	None	None	None	None
/40_06.input.gz	2	18	19	2.6842781495816013	5.2070170000000005	36980
/40_07.input.gz	2	27	34	None	3600.004558	7117592
/40_08.input.gz	2	35	62	None	3600.172421	5045292
/40_09.input.gz	2	19	20	0.9902069091653857	81.93706399999999	635220
/40_10.input.gz	2	18	29	1.8505967270115449	194.801651	1627357
/40_11.input.gz	2	25	40	None	3600.002619	5695880
/40_12.input.gz	2	30	49	None	3600.001638	3448577
/40_13.input.gz	2	22	40	None	3600.002112	6826183
/40_14.input.gz	2	33	53	None	3600.0115	5446662
/40_15.input.gz	2	30	40	None	3600.012245	8133710
/40_16.input.gz	2	None	None	None	None	None
/40_17.input.gz	2	32	63	None	3600.002414	2673765
/40_18.input.gz	2	21	35	None	3600.006552	7812347
/40_19.input.gz	2	27	55	None	3600.026126	4715619
/40_20.input.gz	2	24	20	2.070927123958234	0.14719399999999994	262
/40_21.input.gz	2	None	None	None	None	None
/40_22.input.gz	2	12	10	1.440352783019964	0.7403289999999999	1134
/40_23.input.gz	2	29	58	None	3600.006867	3324693
/40_24.input.gz	2	12	9	0.9618888382479938	0.07915500000000003	85
/40_25.input.gz	2	30	41	None	3600.028533	5228059
/40_26.input.gz	2	18	28	None	3600.0031320000003	7502792
/40_27.input.gz	2	26	40	None	3600.019111	7308558
/40_28.input.gz	2	24	33	None	3600.007811	8050688
/40_29.input.gz	2	None	None	None	None	None
/40_30.input.gz	2	27	52	None	3600.002429	2420224
/40_31.input.gz	2	33	48	None	3600.0703	5882925
/40_32.input.gz	2	None	None	None	None	None
/40_33.input.gz	2	32	45	None	3600.017383	6927612
/40_34.input.gz	2	None	None	None	None	None
/40_35.input.gz	2	22	31	None	3600.0003090000005	9778054
/40_36.input.gz	2	25	26	0.7956508978055558	532.5528620000001	3287802
/40_37.input.gz	2	None	None	None	None	None
/40_38.input.gz	2	None	None	None	None	None
/40_39.input.gz	2	9	6	0.8983836680222449	0.011078000000000032	18
/40_40.input.gz	2	22	24	3.1507785312002166	1.0971440000000001	5965
/40_41.input.gz	2	27	38	None	3600.107335	6697085
/40_42.input.gz	2	28	38	None	3600.002283	4925839
/40_43.input.gz	2	16	16	0.7744628369527142	0.7214259999999998	2871
/40_44.input.gz	2	32	55	None	3600.0025820000005	5890807
/40_45.input.gz	2	27	40	None	3600.0111839999995	7999398
/40_46.input.gz	2	20	26	1.0819986568813325	197.12751599999999	1578953
/40_47.input.gz	2	17	30	None	3608.143086	8748627
/40_48.input.gz	2	17	15	0.4989572675022671	0.10910600000000004	197
/40_49.input.gz	2	22	24	1.3227208592711037	5.347341	44840
/40_50.input.gz	2	None	None	None	None	None
/50_01.input.gz	2	28	45	None	3600.003395	4557991
/50_02.input.gz	2	None	None	None	None	None
/50_03.input.gz	2	None	None	None	None	None
/50_04.input.gz	2	40	74	None	3600.0908070000005	2236800
/50_05.input.gz	2	None	None	None	None	None
/50_06.input.gz	2	30	32	2.1974569873209058	362.317887	2498266
/50_07.input.gz	2	None	None	None	None	None
/50_08.input.gz	2	30	50	None	3600.003517	1370304
/50_09.input.gz	2	None	None	None	None	None
/50_10.input.gz	2	31	45	None	3600.005721	1897761
/50_11.input.gz	2	None	None	None	None	None
/50_12.input.gz	2	25	59	None	3600.002469	2137291
/50_13.input.gz	2	None	None	None	None	None
/50_14.input.gz	2	None	None	None	None	None
/50_15.input.gz	2	29	32	None	3600.035988	8487509
/50_16.input.gz	2	None	None	None	None	None
/50_17.input.gz	2	24	57	None	3600.01938	2056142
/50_18.input.gz	2	27	33	None	3600.0150859999994	7277857
/50_19.input.gz	2	31	42	None	3600.1138459999997	5362302
/50_20.input.gz	2	None	None	None	None	None
/50_21.input.gz	2	26	31	2.1955084379211085	394.557517	2362118
/50_22.input.gz	2	33	47	None	3600.1397180000004	5060356
/50_23.input.gz	2	42	75	None	3600.0492739999995	2056196
/50_24.input.gz	2	30	61	None	3600.000571	4579591
/50_25.input.gz	2	None	None	None	None	None
/50_26.input.gz	2	31	61	None	3600.002748	1966623
/50_27.input.gz	2	None	None	None	None	None
/50_28.input.gz	2	None	None	None	None	None
/50_29.input.gz	2	30	43	None	3600.011409	4792098
/50_30.input.gz	2	None	None	None	None	None
/50_31.input.gz	2	19	35	None	3600.0111709999996	7655895
/50_32.input.gz	2	None	None	None	None	None
/50_33.input.gz	2	None	None	None	None	None
/50_34.input.gz	2	None	None	None	None	None
/50_35.input.gz	2	None	None	None	None	None
/50_36.input.gz	2	None	None	None	None	None
/50_37.input.gz	2	None	None	None	None	None
/50_38.input.gz	2	None	None	None	None	None
/50_39.input.gz	2	27	37	None	3600.07324	5607098
/50_40.input.gz	2	15	17	1.8139686328953766	0.5088349999999999	1990
/50_41.input.gz	2	None	None	None	None	None
/50_42.input.gz	2	None	None	None	None	None
/50_43.input.gz	2	28	35	None	3600.034298	8755069
/50_44.input.gz	2	None	None	None	None	None
/50_45.input.gz	2	None	None	None	None	None
/50_46.input.gz	2	24	31	None	3600.0172599999996	8920938
/50_47.input.gz	2	None	None	None	None	None
/50_48.input.gz	2	31	91	None	3600.001036	2612700
/50_49.input.gz	2	34	46	None	3600.001564	4671529
/50_50.input.gz	2	23	23	1.408401918373589	5.654439	49045
/10_01.input.gz	3	0	0	0	0.0018549999999999955	0
/10_02.input.gz	3	3	2	0.014844116836723528	0.004046000000000105	4
/10_03.input.gz	3	0	0	0	0.0017659999999999898	0
/10_04.input.gz	3	0	0	0	0.0018340000000000023	0
/10_05.input.gz	3	0	0	0	0.0011740000000000639	0
/10_06.input.gz	3	2	1	0.016332823047692235	0.002953000000000039	1
/10_07.input.gz	3	2	1	0.1823201217257473	0.0019500000000000628	1
/10_08.input.gz	3	2	1	0.18001968329278162	0.002921000000000007	1
/10_09.input.gz	3	4	3	0.5772862963875554	0.009326000000000001	12
/10_10.input.gz	3	0	0	0	0.0018089999999999495	0
/10_11.input.gz	3	2	1	0.026885410864195824	0.0029369999999999674	1
/10_12.input.gz	3	0	0	0	0.0011720000000000064	0
/10_13.input.gz	3	4	3	0.5907476918139754	0.00864100000000001	12
/10_14.input.gz	3	0	0	0	0.0011650000000000271	0
/10_15.input.gz	3	2	1	0.09358797017402298	0.002919000000000005	1
/10_16.input.gz	3	8	7	0.9006814873720874	0.6459189999999999	385
/10_17.input.gz	3	2	1	0.0705978253489632	0.0019470000000000875	1
/10_18.input.gz	3	6	5	0.8712892107464378	0.05997399999999997	55
/10_19.input.gz	3	7	6	0.529079178904099	0.24120300000000006	165
/10_20.input.gz	3	4	2	0.01911054592159167	0.0023639999999999772	2
/10_21.input.gz	3	2	1	0.015402868469517772	0.0019449999999999745	1
/10_22.input.gz	3	8	7	0.5569203846586442	0.10948599999999997	154
/10_23.input.gz	3	2	1	0.0054270774326559135	0.002935999999999994	1
/10_24.input.gz	3	7	6	0.20760159265324454	0.24029499999999998	217
/10_25.input.gz	3	6	7	0.5194679345504298	0.357128	539
/10_26.input.gz	3	0	0	0	0.0018000000000000238	0
/10_27.input.gz	3	5	3	0.14633520637709166	0.0034270000000000134	5
/10_28.input.gz	3	7	10	1.0463605744555784	1.3833830000000003	3394
/10_29.input.gz	3	3	2	0.1374817633874148	0.0039879999999999916	4
/10_30.input.gz	3	0	0	0	0.0018479999999999608	0
/10_31.input.gz	3	2	1	0.03419301843936284	0.0028750000000000164	1
/10_32.input.gz	3	0	0	0	0.0010470000000000201	0
/10_33.input.gz	3	0	0	0	0.001829000000000025	0
/10_34.input.gz	3	8	9	0.4917930392806507	1.7918900000000004	2944
/10_35.input.gz	3	2	1	0.1281201821635085	0.0019560000000000133	1
/10_36.input.gz	3	7	5	0.7100776451503839	0.030294000000000043	29
/10_37.input.gz	3	3	2	0.24292377658963954	0.0035570000000000324	4
/10_38.input.gz	3	5	3	0.040348190262136735	0.0047900000000000165	5
/10_39.input.gz	3	3	2	0.38082648098731114	0.004054000000000002	4
/10_40.input.gz	3	6	5	0.3057741560364773	0.10812599999999994	89
/10_41.input.gz	3	8	8	0.6066166792286286	1.277016	1150
/10_42.input.gz	3	0	0	0	0.0011589999999999656	0
/10_43.input.gz	3	6	5	0.5777268305208076	0.11111200000000004	89
/10_44.input.gz	3	7	7	1.263006368007778	0.6286100000000001	576
/10_45.input.gz	3	0	0	0	0.0011559999999999904	0
/10_46.input.gz	3	9	9	1.2182370348354667	1.1825960000000002	1864
/10_47.input.gz	3	0	0	0	0.0015900000000000358	0
/10_48.input.gz	3	4	4	1.1951161437030633	0.039136000000000004	37
/10_49.input.gz	3	2	1	0.23727284123479886	0.002945000000000031	1
/10_50.input.gz	3	2	1	0.00872429098182459	0.002899999999999958	1
/20_01.input.gz	3	15	15	0.6701027431388006	28.49962	77496
/20_02.input.gz	3	10	9	0.9394467406035336	0.6185039999999999	803
/20_03.input.gz	3	15	19	1.8051156329693143	610.991219	1907357
/20_04.input.gz	3	3	2	0.3208818096229695	0.0039040000000000186	4
/20_05.input.gz	3	4	3	0.024670001884458868	0.009791999999999967	14
/20_06.input.gz	3	14	18	1.3505388291679175	280.100087	1041308
/20_07.input.gz	3	8	7	0.6062937614145869	0.41001899999999997	428
/20_08.input.gz	3	16	22	1.630586685643921	48.149341	344893
/20_09.input.gz	3	11	15	1.4214214624963042	43.341199	165814
/20_10.input.gz	3	9	9	1.4897345519383791	0.532207	832
/20_11.input.gz	3	5	3	0.12921074534615662	0.004253000000000062	5
/20_12.input.gz	3	9	8	1.9070216878809303	0.20682100000000003	232
/20_13.input.gz	3	8	9	0.7200743981128751	1.9855129999999999	3089
/20_14.input.gz	3	13	14	1.757805102690568	26.162578999999997	83934
/20_15.input.gz	3	17	29	None	3600.000759	10421465
/20_16.input.gz	3	13	14	2.3445271457324517	31.713334	84336
/20_17.input.gz	3	5	4	0.05784918042672148	0.028175000000000006	28
/20_18.input.gz	3	14	13	0.5138641198614857	3.6862550000000005	7725
/20_19.input.gz	3	4	4	1.2364113177280898	0.04112899999999997	37
/20_20.input.gz	3	14	15	2.5743228269515765	22.886813	73610
/20_21.input.gz	3	15	19	1.0629069911789644	121.085981	541149
/20_22.input.gz	3	None	None	None	None	None
/20_23.input.gz	3	6	4	0.4787393032967645	0.008726999999999985	13
/20_24.input.gz	3	12	11	0.44664443277192595	2.019454	4142
/20_25.input.gz	3	9	10	1.6187822490800645	1.209706	1832
/20_26.input.gz	3	16	31	None	3600.000654	10443920
/20_27.input.gz	3	4	4	0.16058211774838133	0.069278	38
/20_28.input.gz	3	12	12	1.3071105250199002	1.905202	4276
/20_29.input.gz	3	18	24	None	3600.001745	9992171
/20_30.input.gz	3	13	18	1.6676975024797946	273.49398499999995	1020148
/20_31.input.gz	3	10	11	1.5948175263142845	8.798483999999998	19182
/20_32.input.gz	3	14	14	2.1682363191367093	8.406253000000001	27662
/20_33.input.gz	3	2	1	0.027295358471904674	0.0028819999999999957	1
/20_34.input.gz	3	7	6	0.16731712969474188	0.08561399999999997	96
/20_35.input.gz	3	14	25	None	3600.0089409999996	10487986
/20_36.input.gz	3	12	17	1.2638493795523142	699.7712519999999	1740053
/20_37.input.gz	3	13	23	None	3604.102438	10093320
/20_38.input.gz	3	5	4	0.8090419897181722	0.02392800000000006	28
/20_39.input.gz	3	12	13	1.9385174903778304	7.638159	22421
/20_40.input.gz	3	15	22	None	3600.003771	9243123
/20_41.input.gz	3	11	15	1.2166328409841578	5.137888	23446
/20_42.input.gz	3	14	13	1.1863171292502064	4.275417	13997
/20_43.input.gz	3	14	22	None	3600.055207	9706924
/20_44.input.gz	3	11	10	1.635776131847805	2.8299510000000003	3617
/20_45.input.gz	3	17	23	None	3600.0037700000003	9132655
/20_46.input.gz	3	8	7	1.428555421442487	0.32747599999999993	320
/20_47.input.gz	3	17	22	None	3600.000703	9467068
/20_48.input.gz	3	12	15	1.4623484191056468	122.79332899999999	394218
/20_49.input.gz	3	3	2	0.2743159256542576	0.004565000000000041	4
/20_50.input.gz	3	15	18	1.544164679567829	1796.115962	3471467
/30_01.input.gz	3	None	None	None	None	None
/30_02.input.gz	3	9	14	1.2864672074519152	66.356549	241606
/30_03.input.gz	3	10	9	1.4181424206156819	0.990019	1620
/30_04.input.gz	3	12	10	0.42908755399499265	1.381724	1781
/30_05.input.gz	3	6	6	0.08820061862651217	0.23962800000000006	240
/30_06.input.gz	3	17	22	None	3600.002011	9290793
/30_07.input.gz	3	2	1	0.20256812641404776	0.0017860000000000098	1
/30_08.input.gz	3	18	26	None	3600.0055939999997	9993388
/30_09.input.gz	3	None	None	None	None	None
/30_10.input.gz	3	19	24	2.393574082130369	576.199927	2453497
/30_11.input.gz	3	9	12	2.405516946403394	14.260895999999999	43341
/30_12.input.gz	3	18	17	0.3376689691068724	0.792575	2329
/30_13.input.gz	3	12	13	2.5086960406275387	31.639777999999996	67651
/30_14.input.gz	3	12	17	2.0829596467311937	622.452097	1683347
/30_15.input.gz	3	21	23	1.4634198238909872	713.22056	2380988
/30_16.input.gz	3	None	None	None	None	None
/30_17.input.gz	3	5	6	0.024238250619354914	0.35242700000000005	294
/30_18.input.gz	3	None	None	None	None	None
/30_19.input.gz	3	19	23	None	3600.008813	8706918
/30_20.input.gz	3	13	15	0.6638613626680936	73.499538	207320
/30_21.input.gz	3	7	5	0.3166456873581743	0.05214000000000002	39
/30_22.input.gz	3	20	29	None	3600.03694	9300969
/30_23.input.gz	3	None	None	None	None	None
/30_24.input.gz	3	None	None	None	None	None
/30_25.input.gz	3	None	None	None	None	None
/30_26.input.gz	3	10	11	0.5511993837981503	8.486955	18134
/30_27.input.gz	3	None	None	None	None	None
/30_28.input.gz	3	20	23	None	3600.016329	7938963
/30_29.input.gz	3	13	18	1.245920194107047	135.93657100000001	449336
/30_30.input.gz	3	None	None	None	None	None
/30_31.input.gz	3	None	None	None	None	None
/30_32.input.gz	3	17	20	None	3600.029091	6825244
/30_33.input.gz	3	None	None	None	None	None
/30_34.input.gz	3	None	None	None	None	None
/30_35.input.gz	3	20	21	0.8342270731973049	1704.26949	3635304
/30_36.input.gz	3	12	13	0.49756176432536464	12.721705	48694
/30_37.input.gz	3	None	None	None	None	None
/30_38.input.gz	3	21	26	None	3600.0222420000005	8517182
/30_39.input.gz	3	None	None	None	None	None
/30_40.input.gz	3	19	19	2.0565284651900346	120.60317200000001	249008
/30_41.input.gz	3	None	None	None	None	None
/30_42.input.gz	3	None	None	None	None	None
/30_43.input.gz	3	None	None	None	None	None
/30_44.input.gz	3	None	None	None	None	None
/30_45.input.gz	3	14	11	0.8742569804255014	0.8865470000000001	1230
/30_46.input.gz	3	None	None	None	None	None
/30_47.input.gz	3	20	26	None	3600.001444	9837733
/30_48.input.gz	3	17	27	None	3600.003385	10291477
/30_49.input.gz	3	8	9	0.46164183627537414	1.8016099999999997	3253
/30_50.input.gz	3	12	14	1.9711625051982589	20.521172	64255
/40_01.input.gz	3	22	18	1.6193725574246816	0.36621299999999996	821
/40_02.input.gz	3	17	16	1.671614221246825	3.311388	9055
/40_03.input.gz	3	None	None	None	None	None
/40_04.input.gz	3	None	None	None	None	None
/40_05.input.gz	3	None	None	None	None	None
/40_06.input.gz	3	18	19	2.764639067930398	128.116017	459747
/40_07.input.gz	3	None	None	None	None	None
/40_08.input.gz	3	None	None	None	None	None
/40_09.input.gz	3	19	20	None	3600.0000889999997	4959124
/40_10.input.gz	3	18	29	None	3600.049184	9852923
/40_11.input.gz	3	None	None	None	None	None
/40_12.input.gz	3	None	None	None	None	None
/40_13.input.gz	3	None	None	None	None	None
/40_14.input.gz	3	None	None	None	None	None
/40_15.input.gz	3	None	None	None	None	None
/40_16.input.gz	3	None	None	None	None	None
/40_17.input.gz	3	None	None	None	None	None
/40_18.input.gz	3	None	None	None	None	None
/40_19.input.gz	3	None	None	None	None	None
/40_20.input.gz	3	24	20	2.3387447511130315	0.9046530000000002	1942
/40_21.input.gz	3	None	None	None	None	None
/40_22.input.gz	3	12	10	1.6310056800466168	2.522228	2213
/40_23.input.gz	3	None	None	None	None	None
/40_24.input.gz	3	12	9	1.059529483442444	0.22092	184
/40_25.input.gz	3	None	None	None	None	None
/40_26.input.gz	3	None	None	None	None	None
/40_27.input.gz	3	None	None	None	None	None
/40_28.input.gz	3	None	None	None	None	None
/40_29.input.gz	3	None	None	None	None	None
/40_30.input.gz	3	None	None	None	None	None
/40_31.input.gz	3	None	None	None	None	None
/40_32.input.gz	3	None	None	None	None	None
/40_33.input.gz	3	None	None	None	None	None
/40_34.input.gz	3	None	None	None	None	None
/40_35.input.gz	3	None	None	None	None	None
/40_36.input.gz	3	25	26	None	3600.002401	7174373
/40_37.input.gz	3	None	None	None	None	None
/40_38.input.gz	3	None	None	None	None	None
/40_39.input.gz	3	9	6	1.1031953738631053	0.045213	30
/40_40.input.gz	3	22	24	3.401855543813922	10.60819	35201
/40_41.input.gz	3	None	None	None	None	None
/40_42.input.gz	3	None	None	None	None	None
/40_43.input.gz	3	16	16	0.9195008407708283	5.418502	27146
/40_44.input.gz	3	None	None	None	None	None
/40_45.input.gz	3	None	None	None	None	None
/40_46.input.gz	3	20	26	None	3600.0014170000004	10616487
/40_47.input.gz	3	None	None	None	None	None
/40_48.input.gz	3	17	15	0.5415936460694536	0.5772230000000002	1289
/40_49.input.gz	3	22	24	1.4702371151920743	168.089942	639353
/40_50.input.gz	3	None	None	None	None	None
/50_01.input.gz	3	None	None	None	None	None
/50_02.input.gz	3	None	None	None	None	None
/50_03.input.gz	3	None	None	None	None	None
/50_04.input.gz	3	None	None	None	None	None
/50_05.input.gz	3	None	None	None	None	None
/50_06.input.gz	3	30	32	None	3600.0021909999996	10312923
/50_07.input.gz	3	None	None	None	None	None
/50_08.input.gz	3	None	None	None	None	None
/50_09.input.gz	3	None	None	None	None	None
/50_10.input.gz	3	None	None	None	None	None
/50_11.input.gz	3	None	None	None	None	None
/50_12.input.gz	3	None	None	None	None	None
/50_13.input.gz	3	None	None	None	None	None
/50_14.input.gz	3	None	None	None	None	None
/50_15.input.gz	3	None	None	None	None	None
/50_16.input.gz	3	None	None	None	None	None
/50_17.input.gz	3	None	None	None	None	None
/50_18.input.gz	3	None	None	None	None	None
/50_19.input.gz	3	None	None	None	None	None
/50_20.input.gz	3	None	None	None	None	None
/50_21.input.gz	3	26	31	None	3600.0349960000003	9565195
/50_22.input.gz	3	None	None	None	None	None
/50_23.input.gz	3	None	None	None	None	None
/50_24.input.gz	3	None	None	None	None	None
/50_25.input.gz	3	None	None	None	None	None
/50_26.input.gz	3	None	None	None	None	None
/50_27.input.gz	3	None	None	None	None	None
/50_28.input.gz	3	None	None	None	None	None
/50_29.input.gz	3	None	None	None	None	None
/50_30.input.gz	3	None	None	None	None	None
/50_31.input.gz	3	None	None	None	None	None
/50_32.input.gz	3	None	None	None	None	None
/50_33.input.gz	3	None	None	None	None	None
/50_34.input.gz	3	None	None	None	None	None
/50_35.input.gz	3	None	None	None	None	None
/50_36.input.gz	3	None	None	None	None	None
/50_37.input.gz	3	None	None	None	None	None
/50_38.input.gz	3	None	None	None	None	None
/50_39.input.gz	3	None	None	None	None	None
/50_40.input.gz	3	15	17	2.200173830534885	3.467524	9300
/50_41.input.gz	3	None	None	None	None	None
/50_42.input.gz	3	None	None	None	None	None
/50_43.input.gz	3	None	None	None	None	None
/50_44.input.gz	3	None	None	None	None	None
/50_45.input.gz	3	None	None	None	None	None
/50_46.input.gz	3	None	None	None	None	None
/50_47.input.gz	3	None	None	None	None	None
/50_48.input.gz	3	None	None	None	None	None
/50_49.input.gz	3	None	None	None	None	None
/50_50.input.gz	3	23	23	1.729864427602208	225.725906	962987
/10_01.input.gz	4	0	0	0	0.0011579999999999924	0
/10_02.input.gz	4	3	2	0.014844116836723528	0.003056000000000003	4
/10_03.input.gz	4	0	0	0	0.0018339999999999468	0
/10_04.input.gz	4	0	0	0	0.0011620000000000519	0
/10_05.input.gz	4	0	0	0	0.001827000000000023	0
/10_06.input.gz	4	2	1	0.016332823047692235	0.0019269999999999565	1
/10_07.input.gz	4	2	1	0.1823201217257473	0.002931000000000017	1
/10_08.input.gz	4	2	1	0.18001968329278162	0.0019440000000000013	1
/10_09.input.gz	4	4	3	0.5772862963875554	0.00894600000000001	12
/10_10.input.gz	4	0	0	0	0.0011820000000000164	0
/10_11.input.gz	4	2	1	0.026885410864195824	0.0019420000000000548	1
/10_12.input.gz	4	0	0	0	0.0011789999999999856	0
/10_13.input.gz	4	4	3	0.5907476918139754	0.009174000000000071	12
/10_14.input.gz	4	0	0	0	0.0011590000000000211	0
/10_15.input.gz	4	2	1	0.09358797017402298	0.0029000000000000137	1
/10_16.input.gz	4	8	7	0.9006815845204666	0.6556440000000001	480
/10_17.input.gz	4	2	1	0.0705978253489632	0.002906999999999993	1
/10_18.input.gz	4	6	5	0.9547727225337963	0.0873810000000001	75
/10_19.input.gz	4	7	6	0.5290799541719408	0.354932	202
/10_20.input.gz	4	4	2	0.01911054592159167	0.003395000000000037	2
/10_21.input.gz	4	2	1	0.015402868469517772	0.001939000000000024	1
/10_22.input.gz	4	8	7	0.5843840294454152	0.25079399999999996	294
/10_23.input.gz	4	2	1	0.0054270774326559135	0.002927999999999986	1
/10_24.input.gz	4	7	6	0.2121134084881657	0.314787	280
/10_25.input.gz	4	6	7	0.5736306134589176	0.755614	844
/10_26.input.gz	4	0	0	0	0.0018179999999999863	0
/10_27.input.gz	4	5	3	0.14633520637709166	0.004388999999999976	5
/10_28.input.gz	4	7	10	1.0949930791192448	3.996107	8931
/10_29.input.gz	4	3	2	0.1374817633874148	0.00292199999999998	4
/10_30.input.gz	4	0	0	0	0.0018420000000000103	0
/10_31.input.gz	4	2	1	0.03419301843936284	0.002912999999999999	1
/10_32.input.gz	4	0	0	0	0.0011670000000000291	0
/10_33.input.gz	4	0	0	0	0.0011629999999999696	0
/10_34.input.gz	4	8	9	0.513933441629233	2.969343	5089
/10_35.input.gz	4	2	1	0.1281201821635085	0.0019460000000000033	1
/10_36.input.gz	4	7	5	0.7335772962608188	0.03887499999999999	33
/10_37.input.gz	4	3	2	0.24292377658963954	0.004055000000000031	4
/10_38.input.gz	4	5	3	0.040348190262136735	0.003447999999999951	5
/10_39.input.gz	4	3	2	0.38082648098731114	0.0030469999999999664	4
/10_40.input.gz	4	6	5	0.3079970018834855	0.14588300000000004	108
/10_41.input.gz	4	8	8	0.6068794397897095	1.709285	1529
/10_42.input.gz	4	0	0	0	0.0018240000000000478	0
/10_43.input.gz	4	6	5	0.5872331532668333	0.162823	108
/10_44.input.gz	4	7	7	1.2651728980845378	0.8113950000000001	771
/10_45.input.gz	4	0	0	0	0.001807000000000003	0
/10_46.input.gz	4	9	9	1.2263147417129463	2.05928	3724
/10_47.input.gz	4	0	0	0	0.0017960000000000198	0
/10_48.input.gz	4	4	4	1.1951161437030633	0.047055000000000013	41
/10_49.input.gz	4	2	1	0.23727284123479886	0.0019499999999999518	1
/10_50.input.gz	4	2	1	0.00872429098182459	0.0019480000000000053	1
/20_01.input.gz	4	15	15	0.819068886309514	92.532938	196033
/20_02.input.gz	4	10	9	1.005739916282827	1.1168650000000002	1742
/20_03.input.gz	4	15	19	None	3600.002479	5874722
/20_04.input.gz	4	3	2	0.3208818096229695	0.0030369999999999564	4
/20_05.input.gz	4	4	3	0.024670001884458868	0.009794999999999998	14
/20_06.input.gz	4	14	18	1.4706282914666757	2509.1718680000004	3818974
/20_07.input.gz	4	8	7	0.6074853747862741	0.706269	634
/20_08.input.gz	4	16	22	1.8020397401314052	856.060755	3470548
/20_09.input.gz	4	11	15	1.5526653025252912	305.475404	659430
/20_10.input.gz	4	9	9	1.5233576733327887	1.061991	1881
/20_11.input.gz	4	5	3	0.12921074534615662	0.0042800000000000615	5
/20_12.input.gz	4	9	8	1.92438528713743	0.35172899999999996	512
/20_13.input.gz	4	8	9	0.7706295269227654	3.384448	4799
/20_14.input.gz	4	13	14	1.8751174566089057	115.91755800000001	234425
/20_15.input.gz	4	None	None	None	None	None
/20_16.input.gz	4	13	14	2.4543242477006855	109.82097100000001	200165
/20_17.input.gz	4	5	4	0.05797114098580307	0.03941599999999995	32
/20_18.input.gz	4	14	13	0.5437099078519382	8.994081000000001	20137
/20_19.input.gz	4	4	4	1.23641131772809	0.06374200000000002	41
/20_20.input.gz	4	14	15	2.6527727826909167	101.129138	218605
/20_21.input.gz	4	15	19	1.126811455592627	1221.849098	3046115
/20_22.input.gz	4	None	None	None	None	None
/20_23.input.gz	4	6	4	0.4787393032967645	0.008496999999999977	13
/20_24.input.gz	4	12	11	0.5307558458724951	4.3982600000000005	10315
/20_25.input.gz	4	9	10	1.6260272693077373	1.9604349999999997	2814
/20_26.input.gz	4	None	None	None	None	None
/20_27.input.gz	4	4	4	0.16058211774838133	0.057464000000000015	42
/20_28.input.gz	4	12	12	1.359756889282561	4.04109	12618
/20_29.input.gz	4	None	None	None	None	None
/20_30.input.gz	4	13	18	1.8348859201550134	2960.75836	4396806
/20_31.input.gz	4	10	11	1.6143079395430333	22.244134000000003	31858
/20_32.input.gz	4	14	14	2.2938234014760104	33.649437	88203
/20_33.input.gz	4	2	1	0.027295358471904674	0.002877999999999936	1
/20_34.input.gz	4	7	6	0.20757533374340606	0.15885899999999997	156
/20_35.input.gz	4	None	None	None	None	None
/20_36.input.gz	4	12	17	None	3600.0113130000004	4189773
/20_37.input.gz	4	None	None	None	None	None
/20_38.input.gz	4	5	4	0.8662933166109804	0.04364100000000004	32
/20_39.input.gz	4	12	13	1.9543506610057757	20.288132	43786
/20_40.input.gz	4	None	None	None	None	None
/20_41.input.gz	4	11	15	1.3021158914250115	19.9156	103062
/20_42.input.gz	4	14	13	1.2235145999149883	10.551912999999999	34096
/20_43.input.gz	4	None	None	None	None	None
/20_44.input.gz	4	11	10	1.6521320145927607	4.64257	6032
/20_45.input.gz	4	None	None	None	None	None
/20_46.input.gz	4	8	7	1.4590743923984657	0.5026959999999999	521
/20_47.input.gz	4	None	None	None	None	None
/20_48.input.gz	4	12	15	1.5016714840986332	789.529749	935858
/20_49.input.gz	4	3	2	0.2743159256542576	0.0040799999999999725	4
/20_50.input.gz	4	15	18	None	3600.00983	3696683
/30_01.input.gz	4	None	None	None	None	None
/30_02.input.gz	4	9	14	1.3177831857025377	381.474876	591125
/30_03.input.gz	4	10	9	1.5854214659789823	1.6299700000000001	2909
/30_04.input.gz	4	12	10	0.43920190962488537	2.253038	2850
/30_05.input.gz	4	6	6	0.08821025790378825	0.336007	308
/30_06.input.gz	4	None	None	None	None	None
/30_07.input.gz	4	2	1	0.20256812641404776	0.0018810000000000215	1
/30_08.input.gz	4	None	None	None	None	None
/30_09.input.gz	4	None	None	None	None	None
/30_10.input.gz	4	19	24	None	3600.008913	7726427
/30_11.input.gz	4	9	12	2.439851314135063	46.071317	86322
/30_12.input.gz	4	18	17	0.39867607356771856	2.055412	11849
/30_13.input.gz	4	12	13	2.5440324048952654	99.538122	125570
/30_14.input.gz	4	12	17	None	3600.000866	4904995
/30_15.input.gz	4	21	23	None	3600.03408	7024605
/30_16.input.gz	4	None	None	None	None	None
/30_17.input.gz	4	5	6	0.02423825088489132	0.4110559999999999	372
/30_18.input.gz	4	None	None	None	None	None
/30_19.input.gz	4	None	None	None	None	None
/30_20.input.gz	4	13	15	0.6679899024238386	344.706977	547429
/30_21.input.gz	4	7	5	0.3166456873581743	0.04897900000000005	43
/30_22.input.gz	4	None	None	None	None	None
/30_23.input.gz	4	None	None	None	None	None
/30_24.input.gz	4	None	None	None	None	None
/30_25.input.gz	4	None	None	None	None	None
/30_26.input.gz	4	10	11	0.559281017479376	20.070752	30477
/30_27.input.gz	4	None	None	None	None	None
/30_28.input.gz	4	None	None	None	None	None
/30_29.input.gz	4	13	18	1.2861807962830472	882.7439339999999	1257672
/30_30.input.gz	4	None	None	None	None	None
/30_31.input.gz	4	None	None	None	None	None
/30_32.input.gz	4	None	None	None	None	None
/30_33.input.gz	4	None	None	None	None	None
/30_34.input.gz	4	None	None	None	None	None
/30_35.input.gz	4	20	21	None	3600.000449	4887509
/30_36.input.gz	4	12	13	0.5609623779590043	59.44968599999999	118981
/30_37.input.gz	4	None	None	None	None	None
/30_38.input.gz	4	None	None	None	None	None
/30_39.input.gz	4	None	None	None	None	None
/30_40.input.gz	4	19	19	2.138245988451603	611.3947	855970
/30_41.input.gz	4	None	None	None	None	None
/30_42.input.gz	4	None	None	None	None	None
/30_43.input.gz	4	None	None	None	None	None
/30_44.input.gz	4	None	None	None	None	None
/30_45.input.gz	4	14	11	0.8982817490657481	1.539881	2441
/30_46.input.gz	4	None	None	None	None	None
/30_47.input.gz	4	None	None	None	None	None
/30_48.input.gz	4	None	None	None	None	None
/30_49.input.gz	4	8	9	0.4881086024078548	3.02482	5556
/30_50.input.gz	4	12	14	2.065185211708984	78.834775	154862
/40_01.input.gz	4	22	18	1.6651934371576376	1.0735229999999998	2801
/40_02.input.gz	4	17	16	1.6728830475027454	7.940954000000001	17211
/40_03.input.gz	4	None	None	None	None	None
/40_04.input.gz	4	None	None	None	None	None
/40_05.input.gz	4	None	None	None	None	None
/40_06.input.gz	4	18	19	2.8157956166036446	1149.0457220000003	1834202
/40_07.input.gz	4	None	None	None	None	None
/40_08.input.gz	4	None	None	None	None	None
/40_09.input.gz	4	None	None	None	None	None
/40_10.input.gz	4	None	None	None	None	None
/40_11.input.gz	4	None	None	None	None	None
/40_12.input.gz	4	None	None	None	None	None
/40_13.input.gz	4	None	None	None	None	None
/40_14.input.gz	4	None	None	None	None	None
/40_15.input.gz	4	None	None	None	None	None
/40_16.input.gz	4	None	None	None	None	None
/40_17.input.gz	4	None	None	None	None	None
/40_18.input.gz	4	None	None	None	None	None
/40_19.input.gz	4	None	None	None	None	None
/40_20.input.gz	4	24	20	2.5026649403783496	2.5617979999999996	9222
/40_21.input.gz	4	None	None	None	None	None
/40_22.input.gz	4	12	10	1.6323765795745633	2.658789	2980
/40_23.input.gz	4	None	None	None	None	None
/40_24.input.gz	4	12	9	1.130607932850731	0.25234	255
/40_25.input.gz	4	None	None	None	None	None
/40_26.input.gz	4	None	None	None	None	None
/40_27.input.gz	4	None	None	None	None	None
/40_28.input.gz	4	None	None	None	None	None
/40_29.input.gz	4	None	None	None	None	None
/40_30.input.gz	4	None	None	None	None	None
/40_31.input.gz	4	None	None	None	None	None
/40_32.input.gz	4	None	None	None	None	None
/40_33.input.gz	4	None	None	None	None	None
/40_34.input.gz	4	None	None	None	None	None
/40_35.input.gz	4	None	None	None	None	None
/40_36.input.gz	4	None	None	None	None	None
/40_37.input.gz	4	None	None	None	None	None
/40_38.input.gz	4	None	None	None	None	None
/40_39.input.gz	4	9	6	1.223377054923605	0.051761	34
/40_40.input.gz	4	22	24	3.4795608659603254	34.625287	77757
/40_41.input.gz	4	None	None	None	None	None
/40_42.input.gz	4	None	None	None	None	None
/40_43.input.gz	4	16	16	0.9801225182338184	24.582566	106326
/40_44.input.gz	4	None	None	None	None	None
/40_45.input.gz	4	None	None	None	None	None
/40_46.input.gz	4	None	None	None	None	None
/40_47.input.gz	4	None	None	None	None	None
/40_48.input.gz	4	17	15	0.5693549728092262	1.545822	5293
/40_49.input.gz	4	22	24	1.5830250728284958	1716.840955	3851173
/40_50.input.gz	4	None	None	None	None	None
/50_01.input.gz	4	None	None	None	None	None
/50_02.input.gz	4	None	None	None	None	None
/50_03.input.gz	4	None	None	None	None	None
/50_04.input.gz	4	None	None	None	None	None
/50_05.input.gz	4	None	None	None	None	None
/50_06.input.gz	4	None	None	None	None	None
/50_07.input.gz	4	None	None	None	None	None
/50_08.input.gz	4	None	None	None	None	None
/50_09.input.gz	4	None	None	None	None	None
/50_10.input.gz	4	None	None	None	None	None
/50_11.input.gz	4	None	None	None	None	None
/50_12.input.gz	4	None	None	None	None	None
/50_13.input.gz	4	None	None	None	None	None
/50_14.input.gz	4	None	None	None	None	None
/50_15.input.gz	4	None	None	None	None	None
/50_16.input.gz	4	None	None	None	None	None
/50_17.input.gz	4	None	None	None	None	None
/50_18.input.gz	4	None	None	None	None	None
/50_19.input.gz	4	None	None	None	None	None
/50_20.input.gz	4	None	None	None	None	None
/50_21.input.gz	4	None	None	None	None	None
/50_22.input.gz	4	None	None	None	None	None
/50_23.input.gz	4	None	None	None	None	None
/50_24.input.gz	4	None	None	None	None	None
/50_25.input.gz	4	None	None	None	None	None
/50_26.input.gz	4	None	None	None	None	None
/50_27.input.gz	4	None	None	None	None	None
/50_28.input.gz	4	None	None	None	None	None
/50_29.input.gz	4	None	None	None	None	None
/50_30.input.gz	4	None	None	None	None	None
/50_31.input.gz	4	None	None	None	None	None
/50_32.input.gz	4	None	None	None	None	None
/50_33.input.gz	4	None	None	None	None	None
/50_34.input.gz	4	None	None	None	None	None
/50_35.input.gz	4	None	None	None	None	None
/50_36.input.gz	4	None	None	None	None	None
/50_37.input.gz	4	None	None	None	None	None
/50_38.input.gz	4	None	None	None	None	None
/50_39.input.gz	4	None	None	None	None	None
/50_40.input.gz	4	15	17	2.250040854335202	7.681299000000001	17516
/50_41.input.gz	4	None	None	None	None	None
/50_42.input.gz	4	None	None	None	None	None
/50_43.input.gz	4	None	None	None	None	None
/50_44.input.gz	4	None	None	None	None	None
/50_45.input.gz	4	None	None	None	None	None
/50_46.input.gz	4	None	None	None	None	None
/50_47.input.gz	4	None	None	None	None	None
/50_48.input.gz	4	None	None	None	None	None
/50_49.input.gz	4	None	None	None	None	None
/50_50.input.gz	4	23	23	1.8379754010283762	2446.5372530000004	4677796
/10_01.input.gz	inf	0	0	0	0.001064000000000065	0
/10_02.input.gz	inf	3	2	0.014844116836723528	0.004381000000000024	4
/10_03.input.gz	inf	0	0	0	0.0010860000000000314	0
/10_04.input.gz	inf	0	0	0	0.0018429999999999835	0
/10_05.input.gz	inf	0	0	0	0.0010519999999999974	0
/10_06.input.gz	inf	2	1	0.016332823047692235	0.0029609999999999914	1
/10_07.input.gz	inf	2	1	0.1823201217257473	0.0017020000000000368	1
/10_08.input.gz	inf	2	1	0.18001968329278162	0.002919000000000005	1
/10_09.input.gz	inf	4	3	0.5772862963875554	0.009233999999999964	12
/10_10.input.gz	inf	0	0	0	0.0011760000000000104	0
/10_11.input.gz	inf	2	1	0.026885410864195824	0.0019240000000000368	1
/10_12.input.gz	inf	0	0	0	0.0011820000000000164	0
/10_13.input.gz	inf	4	3	0.5907476918139754	0.008414000000000033	12
/10_14.input.gz	inf	0	0	0	0.001872999999999958	0
/10_15.input.gz	inf	2	1	0.09358797017402298	0.0018720000000000403	1
/10_16.input.gz	inf	8	7	0.9006815845204666	0.7953169999999999	556
/10_17.input.gz	inf	2	1	0.0705978253489632	0.0018880000000000563	1
/10_18.input.gz	inf	6	5	0.9626144179667351	0.10533999999999993	80
/10_19.input.gz	inf	7	6	0.5290799541719409	0.32694799999999996	226
/10_20.input.gz	inf	4	2	0.01911054592159167	0.0034170000000000034	2
/10_21.input.gz	inf	2	1	0.015402868469517772	0.0017619999999999858	1
/10_22.input.gz	inf	8	7	0.6154121534523118	0.441649	448
/10_23.input.gz	inf	2	1	0.0054270774326559135	0.00187499999999996	1
/10_24.input.gz	inf	7	6	0.21211340848816573	0.42264	310
/10_25.input.gz	inf	6	7	0.5736951566968801	1.1553000000000002	1011
/10_26.input.gz	inf	0	0	0	0.001821000000000017	0
/10_27.input.gz	inf	5	3	0.14633520637709166	0.004948000000000008	5
/10_28.input.gz	inf	7	10	1.123041736863502	7.521521	19486
/10_29.input.gz	inf	3	2	0.1374817633874148	0.004654000000000047	4
/10_30.input.gz	inf	0	0	0	0.0018479999999999608	0
/10_31.input.gz	inf	2	1	0.03419301843936284	0.0018599999999999728	1
/10_32.input.gz	inf	0	0	0	0.0017940000000000178	0
/10_33.input.gz	inf	0	0	0	0.0009470000000000312	0
/10_34.input.gz	inf	8	9	0.5240843308188323	3.779825	7114
/10_35.input.gz	inf	2	1	0.1281201821635085	0.0018699999999999828	1
/10_36.input.gz	inf	7	5	0.7335772962608188	0.05412	33
/10_37.input.gz	inf	3	2	0.24292377658963954	0.004591000000000012	4
/10_38.input.gz	inf	5	3	0.040348190262136735	0.004740999999999995	5
/10_39.input.gz	inf	3	2	0.38082648098731114	0.004503000000000035	4
/10_40.input.gz	inf	6	5	0.3079970018834855	0.16554799999999992	113
/10_41.input.gz	inf	8	8	0.6068794397897097	2.092365	1840
/10_42.input.gz	inf	0	0	0	0.0011630000000000251	0
/10_43.input.gz	inf	6	5	0.5872331532668335	0.18145999999999995	113
/10_44.input.gz	inf	7	7	1.265172898084538	0.92243	894
/10_45.input.gz	inf	0	0	0	0.0010800000000000254	0
/10_46.input.gz	inf	9	9	1.2313836634976982	3.305904	5983
/10_47.input.gz	inf	0	0	0	0.001686999999999994	0
/10_48.input.gz	inf	4	4	1.1951161437030633	0.05976999999999999	41
/10_49.input.gz	inf	2	1	0.23727284123479886	0.0018770000000000175	1
/10_50.input.gz	inf	2	1	0.00872429098182459	0.002925000000000011	1
/20_01.input.gz	inf	15	15	0.9295184442528709	871.004318	772206
/20_02.input.gz	inf	10	9	1.0651042590165192	2.0866909999999996	3641
/20_03.input.gz	inf	None	None	None	None	None
/20_04.input.gz	inf	3	2	0.3208818096229695	0.005122999999999989	4
/20_05.input.gz	inf	4	3	0.024670001884458868	0.009287999999999963	14
/20_06.input.gz	inf	14	18	None	3600.002858	2164593
/20_07.input.gz	inf	8	7	0.6082426583417088	0.9904800000000001	772
/20_08.input.gz	inf	16	22	None	3600.056186	3513425
/20_09.input.gz	inf	None	None	None	None	None
/20_10.input.gz	inf	9	9	1.578806453990631	2.2159240000000002	4012
/20_11.input.gz	inf	5	3	0.12921074534615662	0.0036479999999999846	5
/20_12.input.gz	inf	9	8	1.939418216816182	0.853833	1024
/20_13.input.gz	inf	8	9	0.7707961051763592	4.215084999999999	6392
/20_14.input.gz	inf	13	14	1.9146100786480325	636.6851259999999	747512
/20_15.input.gz	inf	None	None	None	None	None
/20_16.input.gz	inf	13	14	2.6520031023971873	581.972599	561553
/20_17.input.gz	inf	5	4	0.05797114098580307	0.029750000000000054	32
/20_18.input.gz	inf	14	13	0.605462854986866	40.749694999999996	72360
/20_19.input.gz	inf	4	4	1.23641131772809	0.04726099999999994	41
/20_20.input.gz	inf	14	15	2.7277956930613243	1133.5584840000001	1117455
/20_21.input.gz	inf	None	None	None	None	None
/20_22.input.gz	inf	14	29	None	3600.002883	2126672
/20_23.input.gz	inf	6	4	0.4787393032967645	0.008789000000000047	13
/20_24.input.gz	inf	12	11	0.6447368818083069	11.660993	26972
/20_25.input.gz	inf	9	10	1.6284082006455836	2.768608	3436
/20_26.input.gz	inf	16	31	None	3600.003631	2086439
/20_27.input.gz	inf	4	4	0.16058211774838133	0.08444099999999999	42
/20_28.input.gz	inf	12	12	1.4383896880926361	22.459118999999998	57961
/20_29.input.gz	inf	None	None	None	None	None
/20_30.input.gz	inf	13	18	None	3600.003381	2114032
/20_31.input.gz	inf	10	11	1.6143275117952984	30.753221	46309
/20_32.input.gz	inf	14	14	2.3528100215169436	189.853621	301459
/20_33.input.gz	inf	2	1	0.027295358471904674	0.0018930000000000335	1
/20_34.input.gz	inf	7	6	0.23644683166347072	0.27968899999999997	192
/20_35.input.gz	inf	None	None	None	None	None
/20_36.input.gz	inf	12	17	None	3600.027929	1804035
/20_37.input.gz	inf	None	None	None	None	None
/20_38.input.gz	inf	5	4	0.8662933166109804	0.04943500000000006	32
/20_39.input.gz	inf	12	13	1.955060824899599	49.859286000000004	73727
/20_40.input.gz	inf	15	22	None	3600.0013670000003	2364288
/20_41.input.gz	inf	11	15	1.4249134136934556	481.021674	781718
/20_42.input.gz	inf	14	13	1.2782433636313923	58.073541	108410
/20_43.input.gz	inf	None	None	None	None	None
/20_44.input.gz	inf	11	10	1.6669902283344715	5.911202	9298
/20_45.input.gz	inf	None	None	None	None	None
/20_46.input.gz	inf	8	7	1.4815505475830892	0.611483	683
/20_47.input.gz	inf	None	None	None	None	None
/20_48.input.gz	inf	12	15	None	3600.0008230000003	1556883
/20_49.input.gz	inf	3	2	0.2743159256542576	0.004704999999999959	4
/20_50.input.gz	inf	15	18	None	3600.0021580000002	1892575
/30_01.input.gz	inf	None	None	None	None	None
/30_02.input.gz	inf	9	14	1.3183202071536386	2934.2645500000003	1515560
/30_03.input.gz	inf	10	9	1.7743585270887547	3.072655	4708
/30_04.input.gz	inf	12	10	0.44207986633011626	3.1925009999999996	4141
/30_05.input.gz	inf	6	6	0.08821025790378827	0.44006600000000007	338
/30_06.input.gz	inf	17	22	None	3600.014873	2039638
/30_07.input.gz	inf	2	1	0.20256812641404776	0.003320999999999963	1
/30_08.input.gz	inf	18	26	None	3600.003056	3339092
/30_09.input.gz	inf	None	None	None	None	None
/30_10.input.gz	inf	19	24	None	3600.000881	4286129
/30_11.input.gz	inf	9	12	2.4522176190460696	138.741501	161796
/30_12.input.gz	inf	18	17	0.6517943021228595	330.503218	1114112
/30_13.input.gz	inf	12	13	2.5561282673477597	287.918745	232388
/30_14.input.gz	inf	12	17	None	3600.000856	1980550
/30_15.input.gz	inf	None	None	None	None	None
/30_16.input.gz	inf	26	44	None	3600.002634	3280376
/30_17.input.gz	inf	5	6	0.024238250884891323	0.6128000000000001	402
/30_18.input.gz	inf	20	32	None	3600.028178	1835790
/30_19.input.gz	inf	19	23	None	3600.0915560000003	2138625
/30_20.input.gz	inf	13	15	None	3600.001104	1777803
/30_21.input.gz	inf	7	5	0.3166456873581743	0.05992799999999998	43
/30_22.input.gz	inf	20	29	None	3600.019945	3615587
/30_23.input.gz	inf	20	28	None	3600.0004329999997	2113409
/30_24.input.gz	inf	26	58	None	3600.038485	2777892
/30_25.input.gz	inf	23	35	None	3600.0670680000003	3034723
/30_26.input.gz	inf	10	11	0.5592893354926511	31.204386	46506
/30_27.input.gz	inf	24	54	None	3600.0041530000003	3319566
/30_28.input.gz	inf	20	23	None	3600.023183	1889790
/30_29.input.gz	inf	13	18	None	3600.020511	1811922
/30_30.input.gz	inf	14	29	None	3600.0167770000003	2048896
/30_31.input.gz	inf	16	30	None	3600.0324520000004	1789346
/30_32.input.gz	inf	17	20	None	3600.004196	1758285
/30_33.input.gz	inf	None	None	None	None	None
/30_34.input.gz	inf	20	36	None	3600.000878	3614359
/30_35.input.gz	inf	20	21	None	3600.125495	2112572
/30_36.input.gz	inf	12	13	0.6102627975562246	244.782148	310490
/30_37.input.gz	inf	21	44	None	3600.0008780000003	2427992
/30_38.input.gz	inf	21	26	None	3600.0323040000003	3299169
/30_39.input.gz	inf	20	37	None	3600.002477	2034688
/30_40.input.gz	inf	19	19	None	3600.0129920000004	1730446
/30_41.input.gz	inf	26	45	None	3600.0024519999997	2769444
/30_42.input.gz	inf	26	50	None	3600.001574	2840969
/30_43.input.gz	inf	22	31	None	3600.0260040000003	1557368
/30_44.input.gz	inf	24	42	None	3600.161429	3333759
/30_45.input.gz	inf	14	11	0.9145959324446774	2.9482420000000005	4300
/30_46.input.gz	inf	24	46	None	3600.005539	5361814
/30_47.input.gz	inf	20	26	None	3600.004514	2402455
/30_48.input.gz	inf	17	27	None	3600.09261	2282286
/30_49.input.gz	inf	8	9	0.5007366052511426	5.372195	7745
/30_50.input.gz	inf	12	14	2.071830826684442	312.48434	368709
/40_01.input.gz	inf	22	18	1.7952233099677266	7.0860959999999995	24593
/40_02.input.gz	inf	17	16	1.6728848523043487	13.574896	26851
/40_03.input.gz	inf	None	None	None	None	None
/40_04.input.gz	inf	25	60	None	3600.019174	3162393
/40_05.input.gz	inf	None	None	None	None	None
/40_06.input.gz	inf	18	19	None	3600.002571	2010704
/40_07.input.gz	inf	27	34	None	3600.010973	1506691
/40_08.input.gz	inf	35	62	None	3600.038958	3885403
/40_09.input.gz	inf	19	20	None	3600.0057369999995	1486316
/40_10.input.gz	inf	18	29	None	3600.0047830000003	2809794
/40_11.input.gz	inf	25	40	None	3600.0006139999996	1573705
/40_12.input.gz	inf	30	49	None	3600.143593	1661449
/40_13.input.gz	inf	22	40	None	3600.0047080000004	1361336
/40_14.input.gz	inf	33	53	None	3600.003831	3213649
/40_15.input.gz	inf	30	40	None	3600.0010420000003	2804845
/40_16.input.gz	inf	33	69	None	3600.0097579999997	2768063
/40_17.input.gz	inf	32	63	None	3600.0001039999997	1892474
/40_18.input.gz	inf	21	35	None	3600.0283600000002	2004913
/40_19.input.gz	inf	27	55	None	3600.0015000000003	1874857
/40_20.input.gz	inf	24	20	2.5700725994238693	136.04933400000002	524294
/40_21.input.gz	inf	34	68	None	3600.001925	4105125
/40_22.input.gz	inf	12	10	1.6323765795745635	2.901606	3798
/40_23.input.gz	inf	29	58	None	3600.002224	1621727
/40_24.input.gz	inf	12	9	1.1463341944844756	0.3815130000000001	289
/40_25.input.gz	inf	30	41	None	3600.00014	1062166
/40_26.input.gz	inf	18	28	None	3600.0342210000003	1982751
/40_27.input.gz	inf	26	40	None	3600.0021199999996	4317896
/40_28.input.gz	inf	24	33	None	3600.017435	1778952
/40_29.input.gz	inf	31	55	None	3600.002322	2202221
/40_30.input.gz	inf	27	52	None	3600.002883	2891974
/40_31.input.gz	inf	33	48	None	3600.0021859999997	3715671
/40_32.input.gz	inf	27	75	None	3600.0184690000006	3287027
/40_33.input.gz	inf	32	45	None	3600.000459	1517905
/40_34.input.gz	inf	31	87	None	3600.0200470000004	2004662
/40_35.input.gz	inf	22	31	None	3601.6108540000005	1443631
/40_36.input.gz	inf	25	26	None	3600.035271	1521248
/40_37.input.gz	inf	33	55	None	3600.000601	2519763
/40_38.input.gz	inf	30	62	None	3600.003245	3082519
/40_39.input.gz	inf	9	6	1.223377054923605	0.058865000000000056	34
/40_40.input.gz	inf	22	24	3.5164862384959306	107.57503899999999	160101
/40_41.input.gz	inf	27	38	None	3600.0005730000003	1278247
/40_42.input.gz	inf	28	38	None	3600.026922	1677348
/40_43.input.gz	inf	16	16	1.0738837546778581	1201.170073	1005610
/40_44.input.gz	inf	32	55	None	3600.001764	4760611
/40_45.input.gz	inf	27	40	None	3600.001126	2087244
/40_46.input.gz	inf	20	26	None	3600.0256820000004	3053732
/40_47.input.gz	inf	17	30	None	3600.049788	1815919
/40_48.input.gz	inf	17	15	0.6733109837038809	29.923507999999998	114689
/40_49.input.gz	inf	22	24	None	3600.0345039999997	4038444
/40_50.input.gz	inf	33	70	None	3600.075842	2064256
/50_01.input.gz	inf	28	45	None	3600.0003509999997	1526660
/50_02.input.gz	inf	36	59	None	3600.015964	1877264
/50_03.input.gz	inf	39	61	None	3600.0021070000003	1312709
/50_04.input.gz	inf	40	74	None	3600.0172529999995	2798409
/50_05.input.gz	inf	39	65	None	3600.001921	1431478
/50_06.input.gz	inf	30	32	None	3600.0007389999996	2675147
/50_07.input.gz	inf	37	67	None	3600.007644	2815120
/50_08.input.gz	inf	30	50	None	3600.015801	5445978
/50_09.input.gz	inf	38	77	None	3600.0319350000004	1588164
/50_10.input.gz	inf	31	45	None	3600.054071	1941144
/50_11.input.gz	inf	None	None	None	None	None
/50_12.input.gz	inf	25	59	None	3600.0100190000003	2468286
/50_13.input.gz	inf	41	80	None	3600.000418	2037377
/50_14.input.gz	inf	29	53	None	3600.0030859999997	2862933
/50_15.input.gz	inf	29	32	None	3600.001886	1422382
/50_16.input.gz	inf	46	106	None	3600.006861	3977693
/50_17.input.gz	inf	24	57	None	3600.000109	1644886
/50_18.input.gz	inf	27	33	None	3600.0025169999994	2129061
/50_19.input.gz	inf	31	42	None	3600.0017259999995	2021105
/50_20.input.gz	inf	39	73	None	3600.0041879999994	2537545
/50_21.input.gz	inf	26	31	None	3600.000247	1299179
/50_22.input.gz	inf	33	47	None	3600.007399	3299507
/50_23.input.gz	inf	None	None	None	None	None
/50_24.input.gz	inf	30	61	None	3600.010281	3035320
/50_25.input.gz	inf	None	None	None	None	None
/50_26.input.gz	inf	31	61	None	3600.0065579999996	4285493
/50_27.input.gz	inf	34	57	None	3600.023441	1350052
/50_28.input.gz	inf	39	85	None	3600.009746	1966792
/50_29.input.gz	inf	30	43	None	3600.000321	1224523
/50_30.input.gz	inf	34	78	None	3600.1086999999998	4666381
/50_31.input.gz	inf	19	35	None	3600.0002670000003	1509837
/50_32.input.gz	inf	35	64	None	3600.002243	2105334
/50_33.input.gz	inf	None	None	None	None	None
/50_34.input.gz	inf	35	84	None	3600.1647219999995	4559862
/50_35.input.gz	inf	37	128	None	3600.0038269999995	2403538
/50_36.input.gz	inf	36	82	None	3600.042621	3828183
/50_37.input.gz	inf	42	97	None	3600.005323	2557992
/50_38.input.gz	inf	37	88	None	3600.006884	4444904
/50_39.input.gz	inf	27	37	None	3600.028101	1668694
/50_40.input.gz	inf	15	17	2.2509226097100123	13.880828	27184
/50_41.input.gz	inf	42	87	None	3600.006677	2028665
/50_42.input.gz	inf	42	120	None	3600.0143310000003	2124174
/50_43.input.gz	inf	28	35	None	3600.0589090000003	1620291
/50_44.input.gz	inf	45	148	None	3600.0093650000003	3378085
/50_45.input.gz	inf	33	55	None	3600.005345	2112036
/50_46.input.gz	inf	24	31	None	3600.0013559999998	2068405
/50_47.input.gz	inf	None	None	None	None	None
/50_48.input.gz	inf	31	91	None	3600.005563	3960957
/50_49.input.gz	inf	34	46	None	3600.007561	1931668
/50_50.input.gz	inf	23	23	None	3600.00151	2779771
