/10_01.input.gz	1	0	0	0	0.0007729999999999682	0
/10_02.input.gz	1	3	2	0.013660815513225621	0.002212999999999965	1
/10_03.input.gz	1	0	0	0	0.0007610000000000672	0
/10_04.input.gz	1	0	0	0	0.0007929999999999326	0
/10_05.input.gz	1	0	0	0	0.0007789999999999186	0
/10_06.input.gz	1	2	1	0.016332823047692235	0.0017770000000000286	1
/10_07.input.gz	1	2	1	0.1823201217257473	0.0017860000000000098	1
/10_08.input.gz	1	2	1	0.18001968329278162	0.0017679999999999918	1
/10_09.input.gz	1	4	3	0.3869472333606194	0.0019020000000000148	1
/10_10.input.gz	1	0	0	0	0.0007839999999999514	0
/10_11.input.gz	1	2	1	0.026885410864195824	0.0017650000000000166	1
/10_12.input.gz	1	0	0	0	0.0007839999999999514	0
/10_13.input.gz	1	4	3	0.325129859010445	0.0020939999999999848	1
/10_14.input.gz	1	0	0	0	0.0007809999999999762	0
/10_15.input.gz	1	2	1	0.09358797017402298	0.001835000000000031	1
/10_16.input.gz	1	8	7	0.6594739456735434	0.0031260000000000177	1
/10_17.input.gz	1	2	1	0.0705978253489632	0.001774999999999971	1
/10_18.input.gz	1	6	5	0.5457652873060608	0.0021539999999999893	1
/10_19.input.gz	1	7	6	0.3387218209220322	0.002912999999999999	1
/10_20.input.gz	1	4	2	0.019110545921591667	0.00218700000000005	1
/10_21.input.gz	1	2	1	0.015402868469517772	0.002057000000000031	1
/10_22.input.gz	1	8	7	0.3048457115461707	0.0022070000000000145	1
/10_23.input.gz	1	2	1	0.0054270774326559135	0.0018249999999999655	1
/10_24.input.gz	1	7	6	0.12173977191760676	0.0024190000000000045	1
/10_25.input.gz	1	6	7	0.27995099738223583	0.0024290000000000145	1
/10_26.input.gz	1	0	0	0	0.0008070000000000577	0
/10_27.input.gz	1	5	3	0.12555019523624567	0.0022130000000000205	1
/10_28.input.gz	1	7	10	0.8614738573941554	0.0026329999999999965	1
/10_29.input.gz	1	3	2	0.07069930441263361	0.0019429999999999725	1
/10_30.input.gz	1	0	0	0	0.0007659999999999889	0
/10_31.input.gz	1	2	1	0.03419301843936284	0.0018750000000000155	1
/10_32.input.gz	1	0	0	0	0.0007910000000000417	0
/10_33.input.gz	1	0	0	0	0.0007660000000000444	0
/10_34.input.gz	1	8	9	0.2673345438706542	0.003114999999999979	1
/10_35.input.gz	1	2	1	0.1281201821635085	0.001819000000000015	1
/10_36.input.gz	1	7	5	0.6586355686605957	0.002383000000000024	1
/10_37.input.gz	1	3	2	0.17199775316377153	0.0018990000000000395	1
/10_38.input.gz	1	5	3	0.02491247677732833	0.0022460000000000258	1
/10_39.input.gz	1	3	2	0.2653774037200092	0.0019020000000000148	1
/10_40.input.gz	1	6	5	0.15670793302210484	0.0024129999999999985	1
/10_41.input.gz	1	8	8	0.36531597302397056	0.0030280000000000307	1
/10_42.input.gz	1	0	0	0	0.0007850000000000357	0
/10_43.input.gz	1	6	5	0.4341485661831466	0.0026639999999999997	1
/10_44.input.gz	1	7	7	0.8429023331838943	0.002460999999999991	1
/10_45.input.gz	1	0	0	0	0.0007810000000000317	0
/10_46.input.gz	1	9	9	0.7787624516785101	0.002673999999999954	1
/10_47.input.gz	1	0	0	0	0.0007669999999999622	0
/10_48.input.gz	1	4	4	0.7163764634811196	0.0020629999999999815	1
/10_49.input.gz	1	2	1	0.23727284123479886	0.0018460000000000143	1
/10_50.input.gz	1	2	1	0.00872429098182459	0.0018429999999999835	1
/20_01.input.gz	1	15	15	0.28322188110120416	0.005208999999999964	1
/20_02.input.gz	1	10	9	0.6537025964273475	0.0026820000000000177	1
/20_03.input.gz	1	15	19	1.0748463524546261	0.00815100000000002	1
/20_04.input.gz	1	3	2	0.28919372153827294	0.002095000000000069	1
/20_05.input.gz	1	4	3	0.024537723226976116	0.0021569999999999645	1
/20_06.input.gz	1	14	18	0.690244833195786	0.005396000000000012	1
/20_07.input.gz	1	8	7	0.4175536247913676	0.002817999999999987	1
/20_08.input.gz	1	16	22	1.039682407177021	0.00364800000000004	1
/20_09.input.gz	1	11	15	0.6764081569174456	0.004956999999999989	1
/20_10.input.gz	1	9	9	1.0538864485521198	0.0026550000000000185	1
/20_11.input.gz	1	5	3	0.12406642063273376	0.0022290000000000365	1
/20_12.input.gz	1	9	8	1.4535014060053817	0.0023019999999999707	1
/20_13.input.gz	1	8	9	0.3520607218714074	0.003176000000000012	1
/20_14.input.gz	1	13	14	1.1425022650711048	0.005195999999999978	1
/20_15.input.gz	1	17	29	0.9414487825431986	0.010647000000000018	1
/20_16.input.gz	1	13	14	1.7856979676097873	0.004954000000000014	1
/20_17.input.gz	1	5	4	0.03691526183517779	0.0020140000000000713	1
/20_18.input.gz	1	14	13	0.273501885586565	0.0036660000000000026	1
/20_19.input.gz	1	4	4	1.0748699159949717	0.0021970000000000045	1
/20_20.input.gz	1	14	15	1.5647496589627785	0.003928000000000043	1
/20_21.input.gz	1	15	19	0.6518802667450051	0.004170000000000007	1
/20_22.input.gz	1	14	29	0.8646111791667472	0.03345200000000004	1
/20_23.input.gz	1	6	4	0.3455924894833329	0.002253000000000005	1
/20_24.input.gz	1	12	11	0.1941798669054613	0.002819000000000016	1
/20_25.input.gz	1	9	10	1.0313606718297113	0.00429400000000002	1
/20_26.input.gz	1	16	31	1.4494886047704956	0.015569999999999973	1
/20_27.input.gz	1	4	4	0.0914050447009185	0.0023080000000000322	1
/20_28.input.gz	1	12	12	0.7775360997800338	0.002856999999999943	1
/20_29.input.gz	1	18	24	1.1831606004159905	0.040488000000000024	1
/20_30.input.gz	1	13	18	0.7653936707197425	0.0049000000000000155	1
/20_31.input.gz	1	10	11	1.4757468152129978	0.003402999999999934	1
/20_32.input.gz	1	14	14	1.3573361682442577	0.003855000000000053	1
/20_33.input.gz	1	2	1	0.027295358471904674	0.0018100000000000338	1
/20_34.input.gz	1	7	6	0.07010829051495393	0.0021629999999999705	1
/20_35.input.gz	1	14	25	0.8843087719618603	0.007960000000000023	1
/20_36.input.gz	1	12	17	0.7347831088822537	0.005107000000000028	1
/20_37.input.gz	1	13	23	1.1337321924955686	0.013330999999999982	1
/20_38.input.gz	1	5	4	0.5286190782640108	0.0020659999999999568	1
/20_39.input.gz	1	12	13	1.73525508521121	0.011423000000000016	1
/20_40.input.gz	1	15	22	1.1107455619051443	0.010794000000000026	1
/20_41.input.gz	1	11	15	0.7242295134873111	0.0037459999999999716	1
/20_42.input.gz	1	14	13	0.9806622266011567	0.0037229999999999763	1
/20_43.input.gz	1	14	22	1.2350758413487233	0.014536000000000049	1
/20_44.input.gz	1	11	10	1.0797057848683704	0.0036690000000000333	1
/20_45.input.gz	1	17	23	1.0579747698324822	0.014557000000000042	1
/20_46.input.gz	1	8	7	1.189584839113062	0.0025860000000000327	1
/20_47.input.gz	1	17	22	1.3415452957538847	0.017492000000000008	1
/20_48.input.gz	1	12	15	0.9015934728237194	0.005128000000000021	1
/20_49.input.gz	1	3	2	0.1548566721767366	0.0019100000000000228	1
/20_50.input.gz	1	15	18	0.9252059530910174	0.00815100000000002	1
/30_01.input.gz	1	21	35	2.4872938928380344	0.044572	1
/30_02.input.gz	1	9	14	0.8268313731776253	0.004709999999999992	1
/30_03.input.gz	1	10	9	0.8345714170383283	0.0032569999999999544	1
/30_04.input.gz	1	12	10	0.37755793652452585	0.004862000000000033	1
/30_05.input.gz	1	6	6	0.06043774269989877	0.0024749999999999495	1
/30_06.input.gz	1	17	22	1.6659785776705895	0.021793000000000007	1
/30_07.input.gz	1	2	1	0.20256812641404776	0.001776999999999973	1
/30_08.input.gz	1	18	26	0.9451524009372473	0.01192800000000005	1
/30_09.input.gz	1	24	38	2.2041121725884953	0.03753699999999999	1
/30_10.input.gz	1	19	24	1.2723626295657124	0.004643000000000008	1
/30_11.input.gz	1	9	12	1.6899586563472406	0.0046640000000000015	1
/30_12.input.gz	1	18	17	0.14131190402727767	0.0028100000000000347	1
/30_13.input.gz	1	12	13	1.780733958790969	0.0047780000000000045	1
/30_14.input.gz	1	12	17	1.5471484613700226	0.005154000000000047	1
/30_15.input.gz	1	21	23	0.7880406627588287	0.008126999999999995	1
/30_16.input.gz	1	26	44	3.0840292214189566	0.039138000000000006	1
/30_17.input.gz	1	5	6	0.022739329768341147	0.0024350000000000205	1
/30_18.input.gz	1	20	32	1.6022058054327386	0.04480099999999998	1
/30_19.input.gz	1	19	23	0.581465343380851	0.00796099999999994	1
/30_20.input.gz	1	13	15	0.438028889247824	0.005123999999999962	1
/30_21.input.gz	1	7	5	0.2864065607642716	0.002862999999999949	1
/30_22.input.gz	1	20	29	0.8003998510423513	0.008206000000000047	1
/30_23.input.gz	1	20	28	1.0395577900228774	0.038797000000000026	1
/30_24.input.gz	1	26	58	1.2712073704169555	0.05958900000000006	1
/30_25.input.gz	1	23	35	1.433373658401663	0.03624100000000002	1
/30_26.input.gz	1	10	11	0.32269964763337144	0.0034460000000000046	1
/30_27.input.gz	1	24	54	1.864597423968954	0.03920800000000002	1
/30_28.input.gz	1	20	23	2.006296453292654	0.015139999999999987	1
/30_29.input.gz	1	13	18	0.832134574559487	0.01586299999999996	1
/30_30.input.gz	1	14	29	1.1700329787637844	0.026785999999999976	1
/30_31.input.gz	1	16	30	1.371542823795537	0.02820199999999995	1
/30_32.input.gz	1	17	20	1.0962938527116097	0.028847999999999985	1
/30_33.input.gz	1	22	30	1.3864542693437607	0.018654999999999977	1
/30_34.input.gz	1	20	36	1.3015343895739842	0.013478999999999963	1
/30_35.input.gz	1	20	21	0.7168582531995564	0.040447999999999984	1
/30_36.input.gz	1	12	13	0.26625690871071983	0.004803000000000002	1
/30_37.input.gz	1	21	44	1.7741014612152857	0.04776899999999995	1
/30_38.input.gz	1	21	26	0.8771223312622766	0.01869900000000002	1
/30_39.input.gz	1	20	37	2.7538323610127393	0.04355099999999995	1
/30_40.input.gz	1	19	19	1.4445644594706903	0.013006000000000018	1
/30_41.input.gz	1	26	45	1.3109726872432177	0.021253000000000077	1
/30_42.input.gz	1	26	50	2.917736197845042	0.039055000000000006	1
/30_43.input.gz	1	22	31	1.335556242844208	0.01811299999999999	1
/30_44.input.gz	1	24	42	1.1764549961453423	0.019913000000000014	1
/30_45.input.gz	1	14	11	0.6307568733928582	0.004889000000000032	1
/30_46.input.gz	1	24	46	1.916411648771536	0.016773999999999956	1
/30_47.input.gz	1	20	26	1.3953406761929248	0.004886999999999975	1
/30_48.input.gz	1	17	27	2.773879608826487	0.011916000000000038	1
/30_49.input.gz	1	8	9	0.2647744766286151	0.0031360000000000277	1
/30_50.input.gz	1	12	14	1.4836091841868218	0.011828999999999978	1
/40_01.input.gz	1	22	18	0.9987691214943756	0.008295000000000052	1
/40_02.input.gz	1	17	16	1.1239347061568294	0.08831100000000003	1
/40_03.input.gz	1	26	41	2.116507182170511	0.05834299999999998	1
/40_04.input.gz	1	25	60	2.0125159831632065	0.05740899999999999	1
/40_05.input.gz	1	29	60	1.883330666982537	0.09693299999999999	1
/40_06.input.gz	1	18	19	2.1110984166067586	0.018521999999999983	1
/40_07.input.gz	1	27	34	2.01350942628018	0.03510499999999994	1
/40_08.input.gz	1	35	62	1.9322019390047165	0.04070599999999991	1
/40_09.input.gz	1	19	20	0.7446195970970194	0.03898799999999997	1
/40_10.input.gz	1	18	29	1.1729514764070406	0.010948999999999987	1
/40_11.input.gz	1	25	40	0.6693215479119382	0.12420700000000001	1
/40_12.input.gz	1	30	49	1.824619942651148	0.04573200000000005	1
/40_13.input.gz	1	22	40	1.0066249700003906	0.094447	1
/40_14.input.gz	1	33	53	1.982699601500226	0.041305999999999954	1
/40_15.input.gz	1	30	40	1.4388137181768283	0.037426000000000015	1
/40_16.input.gz	1	33	69	3.299017399915411	0.13428300000000004	1
/40_17.input.gz	1	32	63	2.4259167447674552	0.04945900000000003	1
/40_18.input.gz	1	21	35	1.2079693028709144	0.09566799999999998	1
/40_19.input.gz	1	27	55	1.918830894139037	0.04946600000000001	1
/40_20.input.gz	1	24	20	1.6948893439700081	0.009513999999999967	1
/40_21.input.gz	1	34	68	4.23372519611217	0.12944699999999998	1
/40_22.input.gz	1	12	10	1.07330316650088	0.004533000000000009	1
/40_23.input.gz	1	29	58	1.9536273664053432	0.05132599999999998	1
/40_24.input.gz	1	12	9	0.6871766915748383	0.0033299999999999996	1
/40_25.input.gz	1	30	41	2.9684222614379836	0.050175000000000025	1
/40_26.input.gz	1	18	28	3.0041536964399786	0.04340099999999997	1
/40_27.input.gz	1	26	40	0.6331175472447205	0.018230999999999997	1
/40_28.input.gz	1	24	33	2.5946590535297114	0.03715900000000005	1
/40_29.input.gz	1	31	55	1.7392822906930567	0.13609999999999994	1
/40_30.input.gz	1	27	52	1.8649191998023742	0.122305	1
/40_31.input.gz	1	33	48	2.416578916906899	0.04282799999999998	1
/40_32.input.gz	1	27	75	2.8673462621175716	0.09918099999999996	1
/40_33.input.gz	1	32	45	2.361985694993404	0.049124999999999974	1
/40_34.input.gz	1	31	87	3.4620269333425915	0.14169900000000002	1
/40_35.input.gz	1	22	31	1.357505268319829	0.038034999999999985	1
/40_36.input.gz	1	25	26	0.6474840833356136	0.12844699999999998	1
/40_37.input.gz	1	33	55	2.9919136056105384	0.12916100000000003	1
/40_38.input.gz	1	30	62	1.4310550947830505	0.13271899999999998	1
/40_39.input.gz	1	9	6	0.6226799098973533	0.003310999999999953	1
/40_40.input.gz	1	22	24	2.2175325994665958	0.045706000000000024	1
/40_41.input.gz	1	27	38	1.873408526065448	0.09757999999999994	1
/40_42.input.gz	1	28	38	0.7770349568328309	0.058643999999999974	1
/40_43.input.gz	1	16	16	0.4715289444384893	0.00424399999999997	1
/40_44.input.gz	1	32	55	1.8907020400790853	0.04391600000000001	1
/40_45.input.gz	1	27	40	1.5248745618907953	0.04038999999999998	1
/40_46.input.gz	1	20	26	0.9045282067367874	0.017096999999999973	1
/40_47.input.gz	1	17	30	2.497748635934665	0.015021000000000007	1
/40_48.input.gz	1	17	15	0.426505380873407	0.003542999999999963	1
/40_49.input.gz	1	22	24	0.8862579043065106	0.005332999999999977	1
/40_50.input.gz	1	33	70	3.0426401766673576	0.099688	1
/50_01.input.gz	1	28	45	2.3816014860698025	0.09423699999999996	1
/50_02.input.gz	1	36	59	2.675333222835256	0.09588399999999991	1
/50_03.input.gz	1	39	61	3.7735549635680794	0.23331899999999994	1
/50_04.input.gz	1	40	74	2.412340239304402	0.06323499999999999	1
/50_05.input.gz	1	39	65	2.782115902940385	0.144866	1
/50_06.input.gz	1	30	32	1.880734383853532	0.051449999999999996	1
/50_07.input.gz	1	37	67	3.774325595219631	0.12860400000000005	1
/50_08.input.gz	1	30	50	2.1879790198517917	0.133268	1
/50_09.input.gz	1	38	77	2.8646907731014406	0.16389900000000007	1
/50_10.input.gz	1	31	45	3.216259538795329	0.13249999999999995	1
/50_11.input.gz	1	42	88	3.3251101554536717	0.143001	1
/50_12.input.gz	1	25	59	3.305393602814054	0.19216599999999995	1
/50_13.input.gz	1	41	80	3.7847864564094853	0.15463900000000003	1
/50_14.input.gz	1	29	53	3.088122431185395	0.15792400000000006	1
/50_15.input.gz	1	29	32	1.0801289214889185	0.03535999999999995	1
/50_16.input.gz	1	46	106	3.4423282036206575	0.10242999999999997	1
/50_17.input.gz	1	24	57	2.479751269708728	0.09418000000000004	1
/50_18.input.gz	1	27	33	1.7797806600534911	0.09657999999999994	1
/50_19.input.gz	1	31	42	2.0763652817025386	0.13008600000000003	1
/50_20.input.gz	1	39	73	2.7522247615835576	0.09701300000000007	1
/50_21.input.gz	1	26	31	1.6155292953977807	0.02262799999999998	1
/50_22.input.gz	1	33	47	2.137303420307843	0.04707699999999998	1
/50_23.input.gz	1	42	75	2.0307818323044047	0.062002	1
/50_24.input.gz	1	30	61	2.0029933757966956	0.024863999999999997	1
/50_25.input.gz	1	31	66	1.540935200575219	0.18548999999999993	1
/50_26.input.gz	1	31	61	4.790422053515474	0.154422	1
/50_27.input.gz	1	34	57	1.5866797079554955	0.13583399999999995	1
/50_28.input.gz	1	39	85	4.660719538994645	0.17480299999999993	1
/50_29.input.gz	1	30	43	3.5379385834739443	0.21980899999999998	1
/50_30.input.gz	1	34	78	1.1701910123014574	0.20189199999999996	1
/50_31.input.gz	1	19	35	0.39282471491641374	0.03730100000000003	1
/50_32.input.gz	1	35	64	2.850917704349591	0.09739700000000001	1
/50_33.input.gz	1	43	89	3.5442530134598718	0.11268	1
/50_34.input.gz	1	35	84	4.045358214051888	0.18561499999999997	1
/50_35.input.gz	1	37	128	3.5671668236001803	0.214366	1
/50_36.input.gz	1	36	82	2.0519676988138538	0.09916800000000003	1
/50_37.input.gz	1	42	97	3.219364146744153	0.26913	1
/50_38.input.gz	1	37	88	2.7338416133507026	0.19344699999999998	1
/50_39.input.gz	1	27	37	3.9311254441667307	0.12283300000000003	1
/50_40.input.gz	1	15	17	1.0609474121366973	0.026697000000000026	1
/50_41.input.gz	1	42	87	2.6189615745444526	0.272412	1
/50_42.input.gz	1	42	120	3.0917963999742413	0.2202449999999999	1
/50_43.input.gz	1	28	35	0.760567095822777	0.04991499999999999	1
/50_44.input.gz	1	45	148	7.117933295024601	1.5446539999999997	1
/50_45.input.gz	1	33	55	2.887667331899098	0.184068	1
/50_46.input.gz	1	24	31	1.9557566570824947	0.018531999999999993	1
/50_47.input.gz	1	45	145	4.742033007664936	1.5269759999999999	1
/50_48.input.gz	1	31	91	1.8439584317985365	0.04106099999999996	1
/50_49.input.gz	1	34	46	2.301792306214987	0.12535700000000005	1
/50_50.input.gz	1	23	23	0.9233346988432837	0.021876000000000062	1
/10_01.input.gz	2	0	0	0	0.0007620000000000404	0
/10_02.input.gz	2	3	2	0.014844116836723528	0.0025450000000000195	2
/10_03.input.gz	2	0	0	0	0.0007759999999999989	0
/10_04.input.gz	2	0	0	0	0.0008689999999999531	0
/10_05.input.gz	2	0	0	0	0.0007649999999999602	0
/10_06.input.gz	2	2	1	0.016332823047692235	0.001772999999999969	1
/10_07.input.gz	2	2	1	0.1823201217257473	0.0018030000000000546	1
/10_08.input.gz	2	2	1	0.18001968329278162	0.0018079999999999763	1
/10_09.input.gz	2	4	3	0.49162852536867246	0.002558999999999978	2
/10_10.input.gz	2	0	0	0	0.0007699999999999929	0
/10_11.input.gz	2	2	1	0.026885410864195824	0.0017620000000000413	1
/10_12.input.gz	2	0	0	0	0.0007729999999999682	0
/10_13.input.gz	2	4	3	0.5603488970632934	0.0025399999999999867	2
/10_14.input.gz	2	0	0	0	0.0007780000000000009	0
/10_15.input.gz	2	2	1	0.09358797017402298	0.0017889999999999295	1
/10_16.input.gz	2	8	7	0.8999507217237861	0.02241299999999996	8
/10_17.input.gz	2	2	1	0.0705978253489632	0.001796999999999993	1
/10_18.input.gz	2	6	5	0.7609155471437767	0.0027590000000000114	2
/10_19.input.gz	2	7	6	0.5286830636395539	0.006005999999999956	4
/10_20.input.gz	2	4	2	0.019110545921591667	0.0020749999999999935	1
/10_21.input.gz	2	2	1	0.015402868469517772	0.0018900000000000028	1
/10_22.input.gz	2	8	7	0.47769042567464276	0.0029710000000000014	2
/10_23.input.gz	2	2	1	0.0054270774326559135	0.0017960000000000198	1
/10_24.input.gz	2	7	6	0.19870125948158804	0.004699999999999982	4
/10_25.input.gz	2	6	7	0.43966790708991954	0.0046060000000000545	4
/10_26.input.gz	2	0	0	0	0.0008679999999999799	0
/10_27.input.gz	2	5	3	0.14633520637709166	0.003259000000000012	2
/10_28.input.gz	2	7	10	0.9767734244635539	0.004974999999999952	4
/10_29.input.gz	2	3	2	0.1374817633874148	0.0025040000000000062	2
/10_30.input.gz	2	0	0	0	0.0007640000000000424	0
/10_31.input.gz	2	2	1	0.03419301843936284	0.0017880000000000118	1
/10_32.input.gz	2	0	0	0	0.0007759999999999989	0
/10_33.input.gz	2	0	0	0	0.0007599999999999829	0
/10_34.input.gz	2	8	9	0.39679251019663986	0.007224000000000008	5
/10_35.input.gz	2	2	1	0.1281201821635085	0.0017999999999999683	1
/10_36.input.gz	2	7	5	0.68562015703288	0.003612000000000004	2
/10_37.input.gz	2	3	2	0.24292377658963954	0.002436999999999967	2
/10_38.input.gz	2	5	3	0.040348190262136735	0.003276000000000001	2
/10_39.input.gz	2	3	2	0.38082648098731114	0.002454999999999985	2
/10_40.input.gz	2	6	5	0.2810841664735278	0.0035650000000000404	3
/10_41.input.gz	2	8	8	0.5268868760138058	0.01647399999999999	6
/10_42.input.gz	2	0	0	0	0.0007639999999999869	0
/10_43.input.gz	2	6	5	0.5631249840833892	0.003746000000000027	3
/10_44.input.gz	2	7	7	1.2404572396168598	0.004605999999999999	3
/10_45.input.gz	2	0	0	0	0.0007679999999999909	0
/10_46.input.gz	2	9	9	1.1659977800612227	0.005135999999999974	4
/10_47.input.gz	2	0	0	0	0.0007669999999999622	0
/10_48.input.gz	2	4	4	1.0208385423228858	0.003070000000000017	2
/10_49.input.gz	2	2	1	0.23727284123479886	0.0018140000000000378	1
/10_50.input.gz	2	2	1	0.00872429098182459	0.0017700000000000493	1
/20_01.input.gz	2	15	15	0.4976333994558939	0.05555699999999997	12
/20_02.input.gz	2	10	9	0.8510673280483411	0.0043440000000000145	3
/20_03.input.gz	2	15	19	1.6105478645015217	0.066413	14
/20_04.input.gz	2	3	2	0.3208818096229695	0.0023859999999999992	2
/20_05.input.gz	2	4	3	0.024670001884458868	0.0027079999999999327	2
/20_06.input.gz	2	14	18	1.1250554635079353	0.05389700000000003	12
/20_07.input.gz	2	8	7	0.6048465492222203	0.00500299999999998	4
/20_08.input.gz	2	16	22	1.380748287873944	0.007896000000000014	4
/20_09.input.gz	2	11	15	1.1337499957847	0.03826400000000002	14
/20_10.input.gz	2	9	9	1.3064710730124467	0.004151999999999989	3
/20_11.input.gz	2	5	3	0.12921074534615662	0.0032739999999999436	2
/20_12.input.gz	2	9	8	1.8403718122376138	0.0030970000000000164	2
/20_13.input.gz	2	8	9	0.5715428969603437	0.013395000000000046	6
/20_14.input.gz	2	13	14	1.542209466464331	0.03142399999999995	11
/20_15.input.gz	2	17	29	1.1472800513028267	0.07740899999999995	16
/20_16.input.gz	2	13	14	2.1331194047346798	0.05637900000000001	12
/20_17.input.gz	2	5	4	0.056119365319154346	0.002670999999999979	2
/20_18.input.gz	2	14	13	0.420720074644441	0.014757999999999993	7
/20_19.input.gz	2	4	4	1.1819430274010536	0.0028369999999999784	2
/20_20.input.gz	2	14	15	2.3552467176427236	0.020625999999999978	8
/20_21.input.gz	2	15	19	0.9734337159451817	0.02270099999999997	8
/20_22.input.gz	2	14	29	1.40283627070015	0.20206600000000002	60
/20_23.input.gz	2	6	4	0.47434245183618623	0.003445999999999949	2
/20_24.input.gz	2	12	11	0.33620029049077216	0.005942999999999976	4
/20_25.input.gz	2	9	10	1.5485244483172436	0.03478100000000006	10
/20_26.input.gz	2	16	31	2.326908296137803	0.130056	30
/20_27.input.gz	2	4	4	0.16055916502725948	0.00318400000000002	2
/20_28.input.gz	2	12	12	1.158961156586399	0.005865000000000009	4
/20_29.input.gz	2	18	24	1.796184518905163	0.18377699999999997	39
/20_30.input.gz	2	13	18	1.303649360728374	0.025089000000000028	6
/20_31.input.gz	2	10	11	1.5554573789423387	0.027864999999999973	7
/20_32.input.gz	2	14	14	1.9903594063712864	0.015338999999999992	4
/20_33.input.gz	2	2	1	0.027295358471904674	0.001776999999999973	1
/20_34.input.gz	2	7	6	0.12476025591084791	0.002919999999999978	2
/20_35.input.gz	2	14	25	1.260341384359527	0.07436100000000001	15
/20_36.input.gz	2	12	17	1.1881362761010175	0.07162299999999999	14
/20_37.input.gz	2	13	23	1.4422285074268275	0.05814999999999998	14
/20_38.input.gz	2	5	4	0.7144845038129641	0.002640000000000031	2
/20_39.input.gz	2	12	13	1.8868322331330032	0.07304899999999998	8
/20_40.input.gz	2	15	22	1.6766257893613477	0.05929099999999998	16
/20_41.input.gz	2	11	15	1.0130564032614982	0.013279999999999959	4
/20_42.input.gz	2	14	13	1.137655397873755	0.019537000000000027	6
/20_43.input.gz	2	14	22	1.6798190628943925	0.12265000000000004	31
/20_44.input.gz	2	11	10	1.5620126835767405	0.01141999999999993	6
/20_45.input.gz	2	17	23	1.36868719336517	0.13721	32
/20_46.input.gz	2	8	7	1.3435426596859534	0.003975000000000006	3
/20_47.input.gz	2	17	22	2.0049670866435116	0.15412199999999998	24
/20_48.input.gz	2	12	15	1.2800653721964808	0.06353599999999998	16
/20_49.input.gz	2	3	2	0.2743159256542576	0.0024360000000000492	2
/20_50.input.gz	2	15	18	1.253776841912889	0.10265100000000005	16
/30_01.input.gz	2	21	35	3.246137515500653	0.442249	108
/30_02.input.gz	2	9	14	1.0923296361997765	0.04206500000000002	14
/30_03.input.gz	2	10	9	1.1899606708823907	0.0062710000000000266	5
/30_04.input.gz	2	12	10	0.4115521799855236	0.019018000000000035	6
/30_05.input.gz	2	6	6	0.08422480164725929	0.004689999999999972	4
/30_06.input.gz	2	17	22	2.0836791611321774	0.14073099999999994	32
/30_07.input.gz	2	2	1	0.20256812641404776	0.0018229999999999635	1
/30_08.input.gz	2	18	26	1.373901728685936	0.08397000000000004	16
/30_09.input.gz	2	24	38	2.7469339392401735	0.348921	64
/30_10.input.gz	2	19	24	2.015739338772951	0.033535999999999955	8
/30_11.input.gz	2	9	12	2.2611464573087994	0.03826400000000002	11
/30_12.input.gz	2	18	17	0.2720655223720882	0.00403199999999998	2
/30_13.input.gz	2	12	13	2.37257087004044	0.04840800000000001	13
/30_14.input.gz	2	12	17	1.96228130796357	0.07152499999999995	16
/30_15.input.gz	2	21	23	1.2463420087880797	0.055728	13
/30_16.input.gz	2	26	44	3.9910539897457764	0.345247	64
/30_17.input.gz	2	5	6	0.023977923249783584	0.00444599999999995	4
/30_18.input.gz	2	20	32	2.355987630538829	0.3967569999999999	94
/30_19.input.gz	2	19	23	0.7013874518441248	0.06012999999999996	12
/30_20.input.gz	2	13	15	0.5984222523062064	0.042540999999999995	12
/30_21.input.gz	2	7	5	0.3056061937303049	0.00517200000000001	3
/30_22.input.gz	2	20	29	1.2802174024315722	0.04855899999999996	11
/30_23.input.gz	2	20	28	1.5612311940918022	0.20683500000000005	32
/30_24.input.gz	2	26	58	1.950209978945613	0.580083	112
/30_25.input.gz	2	23	35	1.9246050709589506	0.25966500000000003	59
/30_26.input.gz	2	10	11	0.5107743986652894	0.04211999999999999	8
/30_27.input.gz	2	24	54	2.8653249438759723	0.31085899999999994	62
/30_28.input.gz	2	20	23	2.9151733995305595	0.12818399999999996	28
/30_29.input.gz	2	13	18	1.1472678763724884	0.12024299999999993	30
/30_30.input.gz	2	14	29	1.606828917792161	0.23466199999999993	59
/30_31.input.gz	2	16	30	1.9203385129435844	0.28077199999999997	62
/30_32.input.gz	2	17	20	1.5523074015860816	0.21606500000000006	26
/30_33.input.gz	2	22	30	2.083830640322247	0.17030299999999998	32
/30_34.input.gz	2	20	36	2.14351355461871	0.07599299999999998	16
/30_35.input.gz	2	20	21	0.8124183458683438	0.14613499999999996	21
/30_36.input.gz	2	12	13	0.4094529539439988	0.03169800000000006	12
/30_37.input.gz	2	21	44	2.528729211065803	0.514323	128
/30_38.input.gz	2	21	26	1.2197646949019332	0.13883700000000004	24
/30_39.input.gz	2	20	37	3.6376992799962937	0.463761	104
/30_40.input.gz	2	19	19	1.8468934548242089	0.08788299999999999	18
/30_41.input.gz	2	26	45	1.6795343572797898	0.18392199999999997	32
/30_42.input.gz	2	26	50	3.5363484426376433	0.36531099999999994	62
/30_43.input.gz	2	22	31	1.9475339065397022	0.18209599999999998	24
/30_44.input.gz	2	24	42	1.7560710608018084	0.199565	32
/30_45.input.gz	2	14	11	0.8335771634057105	0.022948000000000024	4
/30_46.input.gz	2	24	46	2.584691635551546	0.17375499999999994	29
/30_47.input.gz	2	20	26	2.0213325713831236	0.03872399999999998	8
/30_48.input.gz	2	17	27	3.265238784426827	0.08733100000000005	16
/30_49.input.gz	2	8	9	0.4171925385217424	0.012993000000000032	7
/30_50.input.gz	2	12	14	1.7825313327730041	0.04434400000000005	11
/40_01.input.gz	2	22	18	1.452717712442498	0.055118	8
/40_02.input.gz	2	17	16	1.4906687873577558	0.362957	16
/40_03.input.gz	2	26	41	2.849518933457269	0.5118690000000001	100
/40_04.input.gz	2	25	60	2.6832717302841576	0.5487070000000001	120
/40_05.input.gz	2	29	60	2.781070129820285	0.901645	240
/40_06.input.gz	2	18	19	2.6715030531294093	0.08323099999999994	12
/40_07.input.gz	2	27	34	2.97886945665287	0.28719	64
/40_08.input.gz	2	35	62	2.818563033603638	0.284819	26
/40_09.input.gz	2	19	20	0.9737400198245592	0.21672799999999987	28
/40_10.input.gz	2	18	29	1.8496194974665723	0.07752700000000001	16
/40_11.input.gz	2	25	40	1.025537636960053	1.138234	192
/40_12.input.gz	2	30	49	2.6357367061199444	0.667281	128
/40_13.input.gz	2	22	40	1.5024870048093557	0.6786999999999999	96
/40_14.input.gz	2	33	53	2.3765888980144987	0.30376099999999995	48
/40_15.input.gz	2	30	40	2.047748976515529	0.25355	44
/40_16.input.gz	2	33	69	4.5364416778445555	1.424761	430
/40_17.input.gz	2	32	63	3.68797454994294	0.545329	128
/40_18.input.gz	2	21	35	1.951562986783758	0.6694599999999999	132
/40_19.input.gz	2	27	55	3.116802281906829	0.5968069999999999	128
/40_20.input.gz	2	24	20	2.0709271239582345	0.03697100000000003	4
/40_21.input.gz	2	34	68	5.505607575644781	1.2154409999999998	368
/40_22.input.gz	2	12	10	1.4190333926400664	0.03558699999999998	6
/40_23.input.gz	2	29	58	2.778511048483129	0.544307	96
/40_24.input.gz	2	12	9	0.9468538511006422	0.01616200000000001	4
/40_25.input.gz	2	30	41	3.9238308183403783	0.4814439999999999	97
/40_26.input.gz	2	18	28	3.833093372717104	0.37425600000000003	70
/40_27.input.gz	2	26	40	0.9834047009573288	0.16562900000000003	28
/40_28.input.gz	2	24	33	3.22193603893138	0.22872199999999987	47
/40_29.input.gz	2	31	55	2.4197858797692082	1.125367	354
/40_30.input.gz	2	27	52	2.2920221349200363	1.178521	336
/40_31.input.gz	2	33	48	3.5164036467014848	0.37949499999999997	62
/40_32.input.gz	2	27	75	4.267697774988594	0.7780279999999998	238
/40_33.input.gz	2	32	45	2.9011849882370506	0.5028869999999999	80
/40_34.input.gz	2	31	87	4.717861687920971	1.432934	504
/40_35.input.gz	2	22	31	2.099896390813756	0.25995	44
/40_36.input.gz	2	25	26	0.7955761475572075	0.94315	376
/40_37.input.gz	2	33	55	3.8356082359906876	1.271004	406
/40_38.input.gz	2	30	62	2.0464553648187147	1.625039	512
/40_39.input.gz	2	9	6	0.898383668022245	0.005635999999999974	2
/40_40.input.gz	2	22	24	3.150778531200217	0.48007000000000005	96
/40_41.input.gz	2	27	38	2.8188580305007664	0.7462950000000002	166
/40_42.input.gz	2	28	38	1.2926676076855108	0.509017	112
/40_43.input.gz	2	16	16	0.7744628369527142	0.014508999999999994	4
/40_44.input.gz	2	32	55	2.815777364813837	0.399249	56
/40_45.input.gz	2	27	40	1.8349627480218718	0.258212	56
/40_46.input.gz	2	20	26	1.081998656881332	0.10003599999999996	23
/40_47.input.gz	2	17	30	3.0374490893361075	0.15586200000000006	32
/40_48.input.gz	2	17	15	0.49895726750226715	0.005317999999999989	2
/40_49.input.gz	2	22	24	1.322720859271104	0.027476	8
/40_50.input.gz	2	33	70	4.453734737980294	0.913048	256
/50_01.input.gz	2	28	45	3.3601827610070134	0.7602709999999999	210
/50_02.input.gz	2	36	59	3.8296415358798512	0.8533820000000001	224
/50_03.input.gz	2	39	61	5.15910368790843	6.4705770000000005	2106
/50_04.input.gz	2	40	74	3.4385665813475472	0.6185229999999999	124
/50_05.input.gz	2	39	65	3.6694621296060834	1.8033959999999998	248
/50_06.input.gz	2	30	32	2.197381057090301	0.303566	19
/50_07.input.gz	2	37	67	5.247898055017982	1.4393239999999998	432
/50_08.input.gz	2	30	50	3.3930947401214127	1.2959629999999998	352
/50_09.input.gz	2	38	77	3.6728676416489274	2.7933829999999995	1008
/50_10.input.gz	2	31	45	4.41951377822446	1.1660789999999999	292
/50_11.input.gz	2	42	88	4.689972004227552	1.769835	512
/50_12.input.gz	2	25	59	4.265497922440283	2.0731200000000003	192
/50_13.input.gz	2	41	80	5.912229472131558	3.0730560000000002	896
/50_14.input.gz	2	29	53	4.560675679603464	1.8159300000000003	636
/50_15.input.gz	2	29	32	1.4971102966840562	0.208474	50
/50_16.input.gz	2	46	106	5.0911674895973125	0.9219539999999999	240
/50_17.input.gz	2	24	57	3.526333356895721	0.754722	192
/50_18.input.gz	2	27	33	2.1766664645055207	0.7547680000000001	192
/50_19.input.gz	2	31	42	2.996996440873184	1.1014879999999998	380
/50_20.input.gz	2	39	73	4.229380688289182	1.114187	256
/50_21.input.gz	2	26	31	2.1937539327676965	0.139685	30
/50_22.input.gz	2	33	47	3.2934703033013992	0.503776	94
/50_23.input.gz	2	42	75	3.195698061893959	0.604334	112
/50_24.input.gz	2	30	61	2.911404938343707	0.2062989999999999	32
/50_25.input.gz	2	31	66	2.344597046495229	3.964421	1600
/50_26.input.gz	2	31	61	5.798469463752431	1.720482	490
/50_27.input.gz	2	34	57	2.1884132936791665	1.282201	315
/50_28.input.gz	2	39	85	6.461929035022492	2.613833	1020
/50_29.input.gz	2	30	43	4.588808976503292	6.873071	3072
/50_30.input.gz	2	34	78	1.6011612007770382	5.8273	2016
/50_31.input.gz	2	19	35	0.5438445804262929	0.257031	48
/50_32.input.gz	2	35	64	4.068714276862348	0.8495999999999999	184
/50_33.input.gz	2	43	89	4.929774156508764	1.1536870000000001	254
/50_34.input.gz	2	35	84	5.127321093694841	9.520027	1920
/50_35.input.gz	2	37	128	5.144340268507044	5.460306999999999	1024
/50_36.input.gz	2	36	82	3.3958530123176764	0.9641540000000001	245
/50_37.input.gz	2	42	97	4.547412265094561	8.472506000000001	3637
/50_38.input.gz	2	37	88	4.021184429337432	4.282438999999999	1840
/50_39.input.gz	2	27	37	4.867306629452349	1.166182	448
/50_40.input.gz	2	15	17	1.8139686328953768	0.19610399999999995	32
/50_41.input.gz	2	42	87	3.793696620664729	10.517244000000002	3488
/50_42.input.gz	2	42	120	4.418117320285072	6.230397	1939
/50_43.input.gz	2	28	35	1.2365955841758016	0.40536300000000003	72
/50_44.input.gz	2	45	148	9.618516555406424	164.636996	31481
/50_45.input.gz	2	33	55	3.7743122745496005	3.8255299999999997	1272
/50_46.input.gz	2	24	31	2.847155640434513	0.15926600000000002	32
/50_47.input.gz	2	45	145	6.921522243701108	221.49703399999999	32379
/50_48.input.gz	2	31	91	2.818983364361872	0.39424400000000004	64
/50_49.input.gz	2	34	46	3.0933345707959643	1.082853	144
/50_50.input.gz	2	23	23	1.408401918373589	0.12053800000000003	16
/10_01.input.gz	3	0	0	0	0.0007759999999999989	0
/10_02.input.gz	3	3	2	0.014844116836723528	0.0024440000000000017	2
/10_03.input.gz	3	0	0	0	0.0007699999999999929	0
/10_04.input.gz	3	0	0	0	0.0007669999999999622	0
/10_05.input.gz	3	0	0	0	0.0007699999999999929	0
/10_06.input.gz	3	2	1	0.016332823047692235	0.0018360000000000043	1
/10_07.input.gz	3	2	1	0.1823201217257473	0.0017800000000000038	1
/10_08.input.gz	3	2	1	0.18001968329278162	0.0017679999999999918	1
/10_09.input.gz	3	4	3	0.5772862963875554	0.0031569999999999654	3
/10_10.input.gz	3	0	0	0	0.0007519999999999749	0
/10_11.input.gz	3	2	1	0.026885410864195824	0.0017980000000000218	1
/10_12.input.gz	3	0	0	0	0.0007610000000000117	0
/10_13.input.gz	3	4	3	0.5907476918139754	0.003485999999999989	3
/10_14.input.gz	3	0	0	0	0.0007660000000000444	0
/10_15.input.gz	3	2	1	0.09358797017402298	0.0018469999999999875	1
/10_16.input.gz	3	8	7	0.9002680883061417	0.019011999999999973	9
/10_17.input.gz	3	2	1	0.0705978253489632	0.0017770000000000286	1
/10_18.input.gz	3	6	5	0.8712892107464377	0.003572000000000075	3
/10_19.input.gz	3	7	6	0.5290327844841725	0.007368000000000041	5
/10_20.input.gz	3	4	2	0.019110545921591667	0.002139000000000002	1
/10_21.input.gz	3	2	1	0.015402868469517772	0.0017800000000000038	1
/10_22.input.gz	3	8	7	0.5569203846586441	0.004263000000000017	3
/10_23.input.gz	3	2	1	0.0054270774326559135	0.0018360000000000043	1
/10_24.input.gz	3	7	6	0.20760159265324454	0.0067230000000000345	6
/10_25.input.gz	3	6	7	0.5187552027764988	0.007076000000000027	7
/10_26.input.gz	3	0	0	0	0.0007690000000000197	0
/10_27.input.gz	3	5	3	0.14633520637709166	0.003037999999999985	2
/10_28.input.gz	3	7	10	1.04409688367845	0.007719999999999949	7
/10_29.input.gz	3	3	2	0.1374817633874148	0.0023779999999999912	2
/10_30.input.gz	3	0	0	0	0.0007710000000000217	0
/10_31.input.gz	3	2	1	0.03419301843936284	0.0017790000000000306	1
/10_32.input.gz	3	0	0	0	0.0007769999999999722	0
/10_33.input.gz	3	0	0	0	0.0007659999999999889	0
/10_34.input.gz	3	8	9	0.4917930392806507	0.021899999999999975	9
/10_35.input.gz	3	2	1	0.1281201821635085	0.001784999999999981	1
/10_36.input.gz	3	7	5	0.7100776451503839	0.004549000000000025	3
/10_37.input.gz	3	3	2	0.24292377658963954	0.0023199999999999332	2
/10_38.input.gz	3	5	3	0.040348190262136735	0.0030789999999999984	2
/10_39.input.gz	3	3	2	0.38082648098731114	0.0023220000000000462	2
/10_40.input.gz	3	6	5	0.30577415603647723	0.004920999999999953	5
/10_41.input.gz	3	8	8	0.6053787854519442	0.028293000000000013	9
/10_42.input.gz	3	0	0	0	0.0007780000000000009	0
/10_43.input.gz	3	6	5	0.5777268305208076	0.005112000000000061	5
/10_44.input.gz	3	7	7	1.260600737624317	0.012902000000000025	6
/10_45.input.gz	3	0	0	0	0.0007759999999999989	0
/10_46.input.gz	3	9	9	1.2180431629168431	0.019930000000000003	8
/10_47.input.gz	3	0	0	0	0.0007849999999999246	0
/10_48.input.gz	3	4	4	1.1908326083261531	0.0035930000000000684	3
/10_49.input.gz	3	2	1	0.23727284123479886	0.0018219999999999903	1
/10_50.input.gz	3	2	1	0.00872429098182459	0.001772999999999969	1
/20_01.input.gz	3	15	15	0.6701027431388002	0.07872699999999999	24
/20_02.input.gz	3	10	9	0.9394467406035336	0.006145999999999985	5
/20_03.input.gz	3	15	19	1.793221306965726	0.14265299999999997	32
/20_04.input.gz	3	3	2	0.3208818096229695	0.0023500000000000187	2
/20_05.input.gz	3	4	3	0.024670001884458868	0.0026499999999999857	2
/20_06.input.gz	3	14	18	1.349850809872256	0.14685800000000004	26
/20_07.input.gz	3	8	7	0.6062937614145869	0.007132000000000027	6
/20_08.input.gz	3	16	22	1.6305173049185397	0.020299999999999985	8
/20_09.input.gz	3	11	15	1.3834695879149665	0.10431700000000005	28
/20_10.input.gz	3	9	9	1.4897345519383791	0.0061129999999999796	5
/20_11.input.gz	3	5	3	0.12921074534615662	0.0030559999999999476	2
/20_12.input.gz	3	9	8	1.9070216878809303	0.003998000000000057	3
/20_13.input.gz	3	8	9	0.7188301827587262	0.026653000000000038	10
/20_14.input.gz	3	13	14	1.757768563190821	0.07227499999999998	22
/20_15.input.gz	3	17	29	1.2683379572192273	0.236726	62
/20_16.input.gz	3	13	14	2.344512024407851	0.07368999999999992	23
/20_17.input.gz	3	5	4	0.05784918042672148	0.0032979999999999676	3
/20_18.input.gz	3	14	13	0.5138641198614856	0.032872999999999986	11
/20_19.input.gz	3	4	4	1.2364113177280898	0.003475999999999979	3
/20_20.input.gz	3	14	15	2.57418868684578	0.06416600000000006	18
/20_21.input.gz	3	15	19	1.0627791992942657	0.06747399999999998	17
/20_22.input.gz	3	14	29	1.614670747861695	0.6175820000000001	212
/20_23.input.gz	3	6	4	0.47873930329676445	0.004245000000000054	3
/20_24.input.gz	3	12	11	0.4466444327719259	0.015400999999999998	7
/20_25.input.gz	3	9	10	1.616980748975945	0.049846	13
/20_26.input.gz	3	16	31	2.6822707310997824	0.289534	95
/20_27.input.gz	3	4	4	0.16055916502725948	0.0030370000000000674	2
/20_28.input.gz	3	12	12	1.3071105250199002	0.011595000000000022	7
/20_29.input.gz	3	18	24	2.024701908459429	0.426027	111
/20_30.input.gz	3	13	18	1.645115421379769	0.10004000000000007	21
/20_31.input.gz	3	10	11	1.5932054209406015	0.07256799999999997	19
/20_32.input.gz	3	14	14	2.162685560844627	0.03917700000000002	9
/20_33.input.gz	3	2	1	0.027295358471904674	0.0018449999999999855	1
/20_34.input.gz	3	7	6	0.16731712969474186	0.003833000000000031	3
/20_35.input.gz	3	14	25	1.4837610565381503	0.210084	58
/20_36.input.gz	3	12	17	1.257720184678112	0.15260999999999997	41
/20_37.input.gz	3	13	23	1.668661409290641	0.138262	42
/20_38.input.gz	3	5	4	0.8090419897181722	0.00340600000000002	3
/20_39.input.gz	3	12	13	1.933518422105303	0.128674	17
/20_40.input.gz	3	15	22	1.9534666220262125	0.13838699999999998	40
/20_41.input.gz	3	11	15	1.2157710190565036	0.040852	8
/20_42.input.gz	3	14	13	1.1863171292502064	0.03366600000000003	13
/20_43.input.gz	3	14	22	1.7788455510925758	0.30762199999999995	79
/20_44.input.gz	3	11	10	1.6357761318478043	0.041383999999999976	13
/20_45.input.gz	3	17	23	1.4304816793650181	0.29837	93
/20_46.input.gz	3	8	7	1.4285554214424867	0.005593000000000015	5
/20_47.input.gz	3	17	22	2.255590983666478	0.347889	70
/20_48.input.gz	3	12	15	1.4498792956842936	0.10808500000000004	35
/20_49.input.gz	3	3	2	0.2743159256542576	0.0024859999999999882	2
/20_50.input.gz	3	15	18	1.486285936563073	0.23452699999999993	40
/30_01.input.gz	3	21	35	3.5999789359142187	1.111102	433
/30_02.input.gz	3	9	14	1.286401644700103	0.10119499999999992	35
/30_03.input.gz	3	10	9	1.4181424206156816	0.017023999999999984	9
/30_04.input.gz	3	12	10	0.42905531160798066	0.03861500000000001	10
/30_05.input.gz	3	6	6	0.0882004224194437	0.006525000000000003	6
/30_06.input.gz	3	17	22	2.347987292845084	0.386543	83
/30_07.input.gz	3	2	1	0.20256812641404776	0.0019020000000000148	1
/30_08.input.gz	3	18	26	1.5971128620394612	0.21619499999999997	53
/30_09.input.gz	3	24	38	2.9918066445521148	1.146503	417
/30_10.input.gz	3	19	24	2.360611081016816	0.07916999999999996	21
/30_11.input.gz	3	9	12	2.369373362478848	0.08674799999999999	25
/30_12.input.gz	3	18	17	0.3376689691068724	0.005294999999999939	3
/30_13.input.gz	3	12	13	2.4952525887561445	0.120832	20
/30_14.input.gz	3	12	17	2.0730329257562614	0.17959700000000006	46
/30_15.input.gz	3	21	23	1.463419823890987	0.11081999999999997	28
/30_16.input.gz	3	26	44	4.351569479078462	0.976186	247
/30_17.input.gz	3	5	6	0.024238250123783056	0.006189000000000056	6
/30_18.input.gz	3	20	32	2.6837473205256295	1.228265	306
/30_19.input.gz	3	19	23	0.7718443846992221	0.12932900000000003	29
/30_20.input.gz	3	13	15	0.6499801860429251	0.08487399999999995	29
/30_21.input.gz	3	7	5	0.3166456873581743	0.005642999999999954	4
/30_22.input.gz	3	20	29	1.572300953039633	0.10153900000000005	27
/30_23.input.gz	3	20	28	1.8186540401357418	0.41559500000000005	106
/30_24.input.gz	3	26	58	2.378375435047156	1.671369	941
/30_25.input.gz	3	23	35	2.025726774129129	0.564631	199
/30_26.input.gz	3	10	11	0.5507399983581176	0.07152399999999998	18
/30_27.input.gz	3	24	54	3.385090542072316	1.002904	399
/30_28.input.gz	3	20	23	3.1923322599764603	0.26458299999999996	54
/30_29.input.gz	3	13	18	1.2428348015667827	0.35702600000000007	85
/30_30.input.gz	3	14	29	1.8921289979124727	0.6537489999999999	210
/30_31.input.gz	3	16	30	2.1836167278249645	0.8401099999999999	291
/30_32.input.gz	3	17	20	1.6437721623199608	0.4452329999999999	64
/30_33.input.gz	3	22	30	2.3562715537439094	0.49991099999999994	84
/30_34.input.gz	3	20	36	2.5739927812457086	0.263549	67
/30_35.input.gz	3	20	21	0.8342270731973049	0.30393799999999993	44
/30_36.input.gz	3	12	13	0.49756138679169454	0.05105099999999996	18
/30_37.input.gz	3	21	44	2.9888569781598235	1.708031	691
/30_38.input.gz	3	21	26	1.2898836353758334	0.38559200000000005	45
/30_39.input.gz	3	20	37	3.9192853892837154	1.298857	485
/30_40.input.gz	3	19	19	2.056528465190034	0.16012699999999996	25
/30_41.input.gz	3	26	45	1.9695583808581931	0.47364500000000004	144
/30_42.input.gz	3	26	50	3.799381359728903	1.4208450000000001	482
/30_43.input.gz	3	22	31	2.210206873740442	0.519247	136
/30_44.input.gz	3	24	42	1.8918270522153284	0.510146	124
/30_45.input.gz	3	14	11	0.8742569804255013	0.047502000000000044	6
/30_46.input.gz	3	24	46	2.845389123732429	0.5653190000000001	151
/30_47.input.gz	3	20	26	2.4518394830668306	0.11816099999999996	19
/30_48.input.gz	3	17	27	3.5482013196960547	0.242848	60
/30_49.input.gz	3	8	9	0.4616368217416721	0.02856999999999993	13
/30_50.input.gz	3	12	14	1.9685307154636777	0.09407899999999997	24
/40_01.input.gz	3	22	18	1.6193725574246818	0.08977999999999997	11
/40_02.input.gz	3	17	16	1.668653303879935	0.465207	23
/40_03.input.gz	3	26	41	3.239159898752668	1.407396	544
/40_04.input.gz	3	25	60	3.126245535183603	1.8625450000000003	935
/40_05.input.gz	3	29	60	3.1125694710707434	5.1723040000000005	2609
/40_06.input.gz	3	18	19	2.7340084870745165	0.13498500000000002	22
/40_07.input.gz	3	27	34	3.4094098795321006	0.7999200000000002	206
/40_08.input.gz	3	35	62	3.186787724268529	0.4949120000000001	91
/40_09.input.gz	3	19	20	1.097812188321594	0.3021749999999999	56
/40_10.input.gz	3	18	29	2.095674228092973	0.19306099999999993	62
/40_11.input.gz	3	25	40	1.2758975371260084	3.923421	863
/40_12.input.gz	3	30	49	3.022303063926083	3.527869	1005
/40_13.input.gz	3	22	40	1.7450178298898618	1.736393	393
/40_14.input.gz	3	33	53	2.6065152582948805	0.8352329999999999	185
/40_15.input.gz	3	30	40	2.493868859742441	0.5530339999999999	137
/40_16.input.gz	3	33	69	5.1960757660637364	8.789662	6308
/40_17.input.gz	3	32	63	4.281416579194057	1.950596	824
/40_18.input.gz	3	21	35	2.1101556060702316	1.442811	462
/40_19.input.gz	3	27	55	3.5724952715899	2.131542	383
/40_20.input.gz	3	24	20	2.3387447511130315	0.04955700000000002	5
/40_21.input.gz	3	34	68	6.02895390992608	4.930354	2207
/40_22.input.gz	3	12	10	1.6236622125545124	0.098186	11
/40_23.input.gz	3	29	58	3.2779767174477077	1.672287	684
/40_24.input.gz	3	12	9	1.0439893741451496	0.03688199999999997	5
/40_25.input.gz	3	30	41	4.382838412215855	1.2984929999999997	465
/40_26.input.gz	3	18	28	4.1740806838870235	1.151142	211
/40_27.input.gz	3	26	40	1.1685365116702635	0.411476	72
/40_28.input.gz	3	24	33	3.4184372742623403	0.641471	142
/40_29.input.gz	3	31	55	2.8507081955053186	3.5617750000000004	2020
/40_30.input.gz	3	27	52	2.553234994442772	4.340365	4027
/40_31.input.gz	3	33	48	3.9135702598794238	1.0666439999999997	264
/40_32.input.gz	3	27	75	4.907432038926022	2.6358059999999996	1916
/40_33.input.gz	3	32	45	3.0843004499431577	1.5740410000000002	573
/40_34.input.gz	3	31	87	5.298890572235514	9.762571	9014
/40_35.input.gz	3	22	31	2.52331422290733	0.756073	157
/40_36.input.gz	3	25	26	0.839479082083328	1.9535220000000004	491
/40_37.input.gz	3	33	55	4.072717505550768	6.596739	1780
/40_38.input.gz	3	30	62	2.3246987831676655	12.971575000000001	6311
/40_39.input.gz	3	9	6	1.1031953738631055	0.0067210000000000325	3
/40_40.input.gz	3	22	24	3.3548958343032207	1.515209	227
/40_41.input.gz	3	27	38	3.256985275928943	2.316089	730
/40_42.input.gz	3	28	38	1.6437830001486327	1.546474	537
/40_43.input.gz	3	16	16	0.919500840770828	0.026900000000000035	8
/40_44.input.gz	3	32	55	3.1989669194311148	1.032167	323
/40_45.input.gz	3	27	40	1.997661284733015	0.6539639999999999	162
/40_46.input.gz	3	20	26	1.2362963277259542	0.21306899999999995	69
/40_47.input.gz	3	17	30	3.3020211175683896	0.522132	132
/40_48.input.gz	3	17	15	0.5415936460694535	0.0067170000000000285	3
/40_49.input.gz	3	22	24	1.4702371151920743	0.067583	18
/40_50.input.gz	3	33	70	5.291580467406543	4.768859999999999	2208
/50_01.input.gz	3	28	45	3.6468434961102236	2.944293	1171
/50_02.input.gz	3	36	59	4.335122681424114	3.6990729999999994	1087
/50_03.input.gz	3	39	61	5.700008195663966	43.840818000000006	7593
/50_04.input.gz	3	40	74	3.8637264206063975	1.744986	583
/50_05.input.gz	3	39	65	4.151610612717324	7.148657999999999	1822
/50_06.input.gz	3	30	32	2.3840367702335508	0.4780849999999999	44
/50_07.input.gz	3	37	67	5.770569910406142	8.140921	3005
/50_08.input.gz	3	30	50	3.876526660756334	6.833311999999999	2561
/50_09.input.gz	3	38	77	4.038511912873646	23.068649999999998	10292
/50_10.input.gz	3	31	45	5.004643382989986	4.703005000000001	1555
/50_11.input.gz	3	42	88	5.324145704739887	18.972574	6469
/50_12.input.gz	3	25	59	4.82930029305357	7.217244	2205
/50_13.input.gz	3	41	80	6.934175924201153	41.715873	14314
/50_14.input.gz	3	29	53	5.05292188160687	8.395637	5858
/50_15.input.gz	3	29	32	1.7409905875532456	0.564333	99
/50_16.input.gz	3	46	106	5.981443973290311	3.75649	1576
/50_17.input.gz	3	24	57	4.134846582926447	2.91562	1327
/50_18.input.gz	3	27	33	2.3124577497846723	2.272871	377
/50_19.input.gz	3	31	42	3.493536244764831	3.3540379999999996	1163
/50_20.input.gz	3	39	73	4.872272195455967	7.853343	2335
/50_21.input.gz	3	26	31	2.4112893205687977	0.28120400000000007	70
/50_22.input.gz	3	33	47	3.875187993619917	1.527215	444
/50_23.input.gz	3	42	75	3.720483106619442	1.6568200000000002	712
/50_24.input.gz	3	30	61	3.3681864456914634	0.6439349999999999	180
/50_25.input.gz	3	31	66	2.8934571126627975	44.723252	13914
/50_26.input.gz	3	31	61	6.173095396129895	5.723926	2779
/50_27.input.gz	3	34	57	2.6055978586871533	6.612411	2236
/50_28.input.gz	3	39	85	7.262714873637677	27.027739	11980
/50_29.input.gz	3	30	43	5.035196157174698	45.848202	4935
/50_30.input.gz	3	34	78	1.8499861541005729	65.34974100000001	38685
/50_31.input.gz	3	19	35	0.6734407450135711	0.797643	183
/50_32.input.gz	3	35	64	4.760222117984897	3.461096	1756
/50_33.input.gz	3	43	89	5.8431741757974285	8.796706	4099
/50_34.input.gz	3	35	84	5.662221663445827	175.46591999999998	60525
/50_35.input.gz	3	37	128	6.106840831876811	87.144862	28956
/50_36.input.gz	3	36	82	4.072054005914184	5.551566	3338
/50_37.input.gz	3	42	97	5.3623218297335535	94.165494	49522
/50_38.input.gz	3	37	88	4.613552876891098	42.202380999999995	15791
/50_39.input.gz	3	27	37	5.139455728232208	5.075195	1227
/50_40.input.gz	3	15	17	2.1936726801861863	0.411651	63
/50_41.input.gz	3	42	87	4.4627773952466026	150.615047	52550
/50_42.input.gz	3	42	120	5.107488354306831	102.581387	64320
/50_43.input.gz	3	28	35	1.445448278771589	0.9338719999999998	196
/50_44.input.gz	3	45	148	None	3600.000825	756403
/50_45.input.gz	3	33	55	4.12989094471909	27.750085000000002	5774
/50_46.input.gz	3	24	31	3.0988388525520607	0.508742	130
/50_47.input.gz	3	45	145	None	3600.0300469999997	657799
/50_48.input.gz	3	31	91	3.453431523998841	1.200334	499
/50_49.input.gz	3	34	46	3.393198389451816	2.6201760000000003	790
/50_50.input.gz	3	23	23	1.7288937465943146	0.19531900000000002	25
/10_01.input.gz	4	0	0	0	0.0015399999999999303	0
/10_02.input.gz	4	3	2	0.014844116836723528	0.0035270000000000024	2
/10_03.input.gz	4	0	0	0	0.0015420000000000433	0
/10_04.input.gz	4	0	0	0	0.0015550000000000286	0
/10_05.input.gz	4	0	0	0	0.0015280000000000293	0
/10_06.input.gz	4	2	1	0.016332823047692235	0.002998999999999974	1
/10_07.input.gz	4	2	1	0.1823201217257473	0.0030629999999999824	1
/10_08.input.gz	4	2	1	0.18001968329278162	0.002955000000000041	1
/10_09.input.gz	4	4	3	0.5772862963875554	0.004296000000000022	3
/10_10.input.gz	4	0	0	0	0.0014920000000000488	0
/10_11.input.gz	4	2	1	0.026885410864195824	0.003029000000000004	1
/10_12.input.gz	4	0	0	0	0.0015129999999999866	0
/10_13.input.gz	4	4	3	0.5907476918139754	0.0042660000000000475	3
/10_14.input.gz	4	0	0	0	0.001587000000000005	0
/10_15.input.gz	4	2	1	0.09358797017402298	0.0030070000000000374	1
/10_16.input.gz	4	8	7	0.9002680883061417	0.020795000000000008	9
/10_17.input.gz	4	2	1	0.0705978253489632	0.0029950000000000254	1
/10_18.input.gz	4	6	5	0.9547727225337962	0.005521999999999971	4
/10_19.input.gz	4	7	6	0.5290327844841725	0.008463999999999972	5
/10_20.input.gz	4	4	2	0.019110545921591667	0.0023110000000000075	1
/10_21.input.gz	4	2	1	0.015402868469517772	0.0029930000000000234	1
/10_22.input.gz	4	8	7	0.5843840294454151	0.005066999999999988	4
/10_23.input.gz	4	2	1	0.0054270774326559135	0.003073000000000048	1
/10_24.input.gz	4	7	6	0.2121134084881657	0.008747000000000005	7
/10_25.input.gz	4	6	7	0.5729178816849865	0.00855499999999998	8
/10_26.input.gz	4	0	0	0	0.0015119999999999578	0
/10_27.input.gz	4	5	3	0.14633520637709166	0.004240999999999995	2
/10_28.input.gz	4	7	10	1.094204072785052	0.02271899999999999	12
/10_29.input.gz	4	3	2	0.1374817633874148	0.0035370000000000124	2
/10_30.input.gz	4	0	0	0	0.0015300000000000313	0
/10_31.input.gz	4	2	1	0.03419301843936284	0.0025290000000000035	1
/10_32.input.gz	4	0	0	0	0.0015310000000000046	0
/10_33.input.gz	4	0	0	0	0.0015219999999999678	0
/10_34.input.gz	4	8	9	0.5136888480320433	0.024251000000000023	11
/10_35.input.gz	4	2	1	0.1281201821635085	0.0030060000000000087	1
/10_36.input.gz	4	7	5	0.7335772962608186	0.006734000000000018	4
/10_37.input.gz	4	3	2	0.24292377658963954	0.0035540000000000016	2
/10_38.input.gz	4	5	3	0.040348190262136735	0.0042640000000000455	2
/10_39.input.gz	4	3	2	0.38082648098731114	0.003605999999999998	2
/10_40.input.gz	4	6	5	0.3079970018834855	0.00679499999999994	6
/10_41.input.gz	4	8	8	0.6053787854519442	0.01869999999999994	9
/10_42.input.gz	4	0	0	0	0.0014959999999999973	0
/10_43.input.gz	4	6	5	0.5872331532668333	0.006842000000000015	6
/10_44.input.gz	4	7	7	1.2626604387122207	0.029635999999999996	7
/10_45.input.gz	4	0	0	0	0.0009429999999999716	0
/10_46.input.gz	4	9	9	1.2261044089190662	0.01935199999999998	11
/10_47.input.gz	4	0	0	0	0.0015189999999999926	0
/10_48.input.gz	4	4	4	1.1908326083261531	0.003746000000000027	3
/10_49.input.gz	4	2	1	0.23727284123479886	0.0029440000000000577	1
/10_50.input.gz	4	2	1	0.00872429098182459	0.003016999999999992	1
/20_01.input.gz	4	15	15	0.8190688863095136	0.115653	36
/20_02.input.gz	4	10	9	1.005739916282827	0.009019	7
/20_03.input.gz	4	15	19	1.9116801523266533	0.21314100000000002	50
/20_04.input.gz	4	3	2	0.3208818096229695	0.00342899999999996	2
/20_05.input.gz	4	4	3	0.024670001884458868	0.0036349999999999993	2
/20_06.input.gz	4	14	18	1.4698237369715292	0.125226	41
/20_07.input.gz	4	8	7	0.607485374786274	0.012380000000000002	8
/20_08.input.gz	4	16	22	1.8019176746380439	0.05323499999999998	13
/20_09.input.gz	4	11	15	1.5466234895591784	0.10974399999999995	36
/20_10.input.gz	4	9	9	1.5233576733327887	0.008355000000000001	7
/20_11.input.gz	4	5	3	0.12921074534615662	0.004191000000000056	2
/20_12.input.gz	4	9	8	1.92438528713743	0.005090000000000039	4
/20_13.input.gz	4	8	9	0.7681347415860491	0.03492099999999998	11
/20_14.input.gz	4	13	14	1.8743953636202046	0.10911100000000001	31
/20_15.input.gz	4	17	29	1.3532585943450681	0.433513	130
/20_16.input.gz	4	13	14	2.4543095640984967	0.11569100000000004	31
/20_17.input.gz	4	5	4	0.05797114098580307	0.004255999999999982	4
/20_18.input.gz	4	14	13	0.5437099078519381	0.050404000000000004	13
/20_19.input.gz	4	4	4	1.2364113177280898	0.0042360000000000175	3
/20_20.input.gz	4	14	15	2.6512305750470864	0.07580100000000001	24
/20_21.input.gz	4	15	19	1.126609174433278	0.10218299999999997	29
/20_22.input.gz	4	14	29	1.750180090923927	0.9676429999999999	363
/20_23.input.gz	4	6	4	0.47873930329676445	0.005513000000000046	3
/20_24.input.gz	4	12	11	0.5305810809721995	0.018964000000000036	9
/20_25.input.gz	4	9	10	1.616980748975945	0.05948799999999993	13
/20_26.input.gz	4	16	31	2.9264230849197985	0.454494	216
/20_27.input.gz	4	4	4	0.16055916502725948	0.004170000000000007	2
/20_28.input.gz	4	12	12	1.3597568892825609	0.019753999999999994	10
/20_29.input.gz	4	18	24	2.1134161839623973	0.465659	175
/20_30.input.gz	4	13	18	1.7984312893776309	0.19348300000000002	43
/20_31.input.gz	4	10	11	1.6129285243153868	0.11352099999999998	24
/20_32.input.gz	4	14	14	2.274666406763321	0.07186700000000001	15
/20_33.input.gz	4	2	1	0.027295358471904674	0.002910000000000079	1
/20_34.input.gz	4	7	6	0.20757533374340606	0.005489999999999995	4
/20_35.input.gz	4	14	25	1.581035945078539	0.328329	108
/20_36.input.gz	4	12	17	1.29232178661716	0.19750700000000004	60
/20_37.input.gz	4	13	23	1.812818057137277	0.23085699999999998	75
/20_38.input.gz	4	5	4	0.8662933166109803	0.0043600000000000305	4
/20_39.input.gz	4	12	13	1.9489568656877996	0.14594399999999996	22
/20_40.input.gz	4	15	22	2.102533722949817	0.20128200000000007	73
/20_41.input.gz	4	11	15	1.2991898227643093	0.05462899999999998	13
/20_42.input.gz	4	14	13	1.2235143113743887	0.060946	17
/20_43.input.gz	4	14	22	1.8076907712671477	0.4472939999999999	113
/20_44.input.gz	4	11	10	1.6521320145927596	0.05296099999999998	17
/20_45.input.gz	4	17	23	1.4684407333308942	0.50781	142
/20_46.input.gz	4	8	7	1.4590743923984655	0.008131	7
/20_47.input.gz	4	17	22	2.305108208442803	0.504566	100
/20_48.input.gz	4	12	15	1.4973940783463338	0.227306	43
/20_49.input.gz	4	3	2	0.2743159256542576	0.0033979999999999566	2
/20_50.input.gz	4	15	18	1.5314696600883655	0.256734	60
/30_01.input.gz	4	21	35	3.822734615012977	1.649311	774
/30_02.input.gz	4	9	14	1.310372925488416	0.14961799999999992	44
/30_03.input.gz	4	10	9	1.585421465978982	0.02254999999999996	13
/30_04.input.gz	4	12	10	0.43919447105329235	0.04261000000000004	12
/30_05.input.gz	4	6	6	0.08821006169671977	0.011697000000000013	7
/30_06.input.gz	4	17	22	2.4323259841796876	0.5684509999999999	118
/30_07.input.gz	4	2	1	0.20256812641404776	0.0024919999999999942	1
/30_08.input.gz	4	18	26	1.7549276083701506	0.407959	93
/30_09.input.gz	4	24	38	3.0300309162751704	1.8538770000000002	913
/30_10.input.gz	4	19	24	2.501650869796741	0.144376	33
/30_11.input.gz	4	9	12	2.4006523549917023	0.11937199999999998	31
/30_12.input.gz	4	18	17	0.39867607356771856	0.007425000000000015	4
/30_13.input.gz	4	12	13	2.5180093957409477	0.13290199999999996	24
/30_14.input.gz	4	12	17	2.1029975109328887	0.25532000000000005	65
/30_15.input.gz	4	21	23	1.5734036809564564	0.17405800000000005	43
/30_16.input.gz	4	26	44	4.554134128318658	1.6105839999999998	564
/30_17.input.gz	4	5	6	0.024238250123783056	0.006422000000000039	6
/30_18.input.gz	4	20	32	2.8596794424626006	1.934377	548
/30_19.input.gz	4	19	23	0.8243476853626597	0.21036500000000008	44
/30_20.input.gz	4	13	15	0.6671177364210634	0.13263999999999998	40
/30_21.input.gz	4	7	5	0.3166456873581743	0.006176999999999988	4
/30_22.input.gz	4	20	29	1.7723927988137278	0.159497	47
/30_23.input.gz	4	20	28	1.9342524154212883	0.7216069999999999	195
/30_24.input.gz	4	26	58	2.572503306532879	4.065282999999999	2831
/30_25.input.gz	4	23	35	2.0699776243262034	0.9578130000000001	313
/30_26.input.gz	4	10	11	0.5590132611603464	0.06568200000000002	21
/30_27.input.gz	4	24	54	3.5844032033418007	1.8307380000000002	1081
/30_28.input.gz	4	20	23	3.2770736064701937	0.35598799999999997	72
/30_29.input.gz	4	13	18	1.285184193854405	0.412201	99
/30_30.input.gz	4	14	29	2.0068525058418865	1.063619	402
/30_31.input.gz	4	16	30	2.324305894976905	1.164164	531
/30_32.input.gz	4	17	20	1.6496274189790148	0.43454299999999996	76
/30_33.input.gz	4	22	30	2.421038101944882	0.693152	123
/30_34.input.gz	4	20	36	2.7995895523385803	0.533499	162
/30_35.input.gz	4	20	21	0.8379681566307824	0.3663599999999999	65
/30_36.input.gz	4	12	13	0.5609595268214828	0.084808	22
/30_37.input.gz	4	21	44	3.2127262307065507	3.601853	1943
/30_38.input.gz	4	21	26	1.2925499417505646	0.42956399999999995	68
/30_39.input.gz	4	20	37	4.061733956254181	1.7827650000000004	814
/30_40.input.gz	4	19	19	2.138245988451602	0.19574199999999997	29
/30_41.input.gz	4	26	45	2.1365701570350644	1.045918	332
/30_42.input.gz	4	26	50	3.9631704722822674	3.008284	1336
/30_43.input.gz	4	22	31	2.359205202309106	0.8191609999999998	258
/30_44.input.gz	4	24	42	1.968891059347162	0.743449	280
/30_45.input.gz	4	14	11	0.8982817490657481	0.04798599999999997	8
/30_46.input.gz	4	24	46	2.9143223568827827	0.898698	347
/30_47.input.gz	4	20	26	2.79142302784192	0.211806	38
/30_48.input.gz	4	17	27	3.7068005735789202	0.5203180000000001	120
/30_49.input.gz	4	8	9	0.4880372557200264	0.030834000000000028	16
/30_50.input.gz	4	12	14	2.0637564250967153	0.11967499999999998	35
/40_01.input.gz	4	22	18	1.6651934371576378	0.11145800000000006	12
/40_02.input.gz	4	17	16	1.66901508226614	0.45113799999999993	26
/40_03.input.gz	4	26	41	3.4425491967480144	2.6668999999999996	1118
/40_04.input.gz	4	25	60	3.4384114326009705	4.272601	3082
/40_05.input.gz	4	29	60	3.3227996673463998	15.558103999999998	9611
/40_06.input.gz	4	18	19	2.783814313550829	0.190658	28
/40_07.input.gz	4	27	34	3.6888072105820746	1.5494409999999998	380
/40_08.input.gz	4	35	62	3.454093151557578	0.6699590000000001	193
/40_09.input.gz	4	19	20	1.1670923890598508	0.478452	63
/40_10.input.gz	4	18	29	2.223096064283413	0.35822299999999996	118
/40_11.input.gz	4	25	40	1.4677535607870373	7.648481	1567
/40_12.input.gz	4	30	49	3.2301252095201436	7.570129	1940
/40_13.input.gz	4	22	40	1.877066442338409	2.962646	838
/40_14.input.gz	4	33	53	2.697251661018522	1.4047290000000001	397
/40_15.input.gz	4	30	40	2.7961331569402885	0.864649	308
/40_16.input.gz	4	33	69	5.597263480557072	33.234207999999995	20348
/40_17.input.gz	4	32	63	4.659132804617867	4.584166	2514
/40_18.input.gz	4	21	35	2.2348198549428324	2.176679	856
/40_19.input.gz	4	27	55	3.8422071574758756	2.937875	781
/40_20.input.gz	4	24	20	2.502664940378349	0.05894299999999997	6
/40_21.input.gz	4	34	68	6.295236704094888	15.288203999999999	4204
/40_22.input.gz	4	12	10	1.6237202585909516	0.09329099999999996	12
/40_23.input.gz	4	29	58	3.615527351166932	3.3733780000000007	1972
/40_24.input.gz	4	12	9	1.1194713485597736	0.04776800000000003	6
/40_25.input.gz	4	30	41	4.599375628257317	2.3167229999999996	744
/40_26.input.gz	4	18	28	4.2962798280631525	1.471445	279
/40_27.input.gz	4	26	40	1.3091997842836043	0.6901549999999999	127
/40_28.input.gz	4	24	33	3.5321262350215346	0.917574	243
/40_29.input.gz	4	31	55	3.0810982613015025	9.117971	5034
/40_30.input.gz	4	27	52	2.679836729705042	9.529371	8469
/40_31.input.gz	4	33	48	4.10530832668465	1.6630600000000002	479
/40_32.input.gz	4	27	75	5.336644802399876	7.377206999999999	6892
/40_33.input.gz	4	32	45	3.200133633981551	2.235996	1407
/40_34.input.gz	4	31	87	5.600612750773675	44.551897	37226
/40_35.input.gz	4	22	31	2.76989311900554	1.017933	293
/40_36.input.gz	4	25	26	0.853919422145617	2.2773199999999996	514
/40_37.input.gz	4	33	55	4.234026885625438	16.150764000000002	3396
/40_38.input.gz	4	30	62	2.477840316733353	42.949949999999994	15062
/40_39.input.gz	4	9	6	1.223377054923605	0.019795000000000007	4
/40_40.input.gz	4	22	24	3.4354743547163356	1.7344319999999998	231
/40_41.input.gz	4	27	38	3.4049655702071426	3.542033	1007
/40_42.input.gz	4	28	38	1.8167059894319457	2.90686	945
/40_43.input.gz	4	16	16	0.9801225182338181	0.06990299999999999	13
/40_44.input.gz	4	32	55	3.4423870841949538	1.6533719999999998	795
/40_45.input.gz	4	27	40	2.108710213033754	0.9593530000000001	319
/40_46.input.gz	4	20	26	1.3571906372756182	0.315676	120
/40_47.input.gz	4	17	30	3.400478401155367	0.8443510000000002	265
/40_48.input.gz	4	17	15	0.5693549728092262	0.009155999999999942	4
/40_49.input.gz	4	22	24	1.582995726169297	0.09829899999999997	30
/40_50.input.gz	4	33	70	5.739894230658224	15.454207	7025
/50_01.input.gz	4	28	45	3.8107847401918837	5.257781	2167
/50_02.input.gz	4	36	59	4.5917174586507485	10.207756999999999	3786
/50_03.input.gz	4	39	61	5.990675326726942	86.749118	11407
/50_04.input.gz	4	40	74	4.083683113883315	3.048094	1234
/50_05.input.gz	4	39	65	4.426240518567829	23.846371	4133
/50_06.input.gz	4	30	32	2.481362366789321	0.45553099999999996	69
/50_07.input.gz	4	37	67	6.090324048104385	22.08659	8354
/50_08.input.gz	4	30	50	4.0742842101587255	17.172014	5684
/50_09.input.gz	4	38	77	4.2389569807249545	77.847209	28819
/50_10.input.gz	4	31	45	5.30964409269317	10.16065	2559
/50_11.input.gz	4	42	88	5.7022375113737365	129.245525	30045
/50_12.input.gz	4	25	59	5.157179732029959	28.954209000000002	7915
/50_13.input.gz	4	41	80	7.477925885034016	265.842611	60959
/50_14.input.gz	4	29	53	5.351248448081315	22.338124	16564
/50_15.input.gz	4	29	32	1.844936763155485	0.663853	127
/50_16.input.gz	4	46	106	6.596864254416122	14.213388	7366
/50_17.input.gz	4	24	57	4.482976808441472	7.394034	4221
/50_18.input.gz	4	27	33	2.384032718149024	3.0170559999999997	467
/50_19.input.gz	4	31	42	3.7312584324557667	5.454285	1746
/50_20.input.gz	4	39	73	5.232747413982843	24.278166	9842
/50_21.input.gz	4	26	31	2.561412064117677	0.44656099999999993	101
/50_22.input.gz	4	33	47	4.193199748624223	2.629784	845
/50_23.input.gz	4	42	75	4.072666300818049	3.73427	1831
/50_24.input.gz	4	30	61	3.6598360777489116	1.240684	528
/50_25.input.gz	4	31	66	3.2777081583088314	210.32302099999998	45007
/50_26.input.gz	4	31	61	6.374688815657871	12.75986	5610
/50_27.input.gz	4	34	57	2.823568499787392	21.339333	5858
/50_28.input.gz	4	39	85	7.660558568977666	135.86230199999997	51035
/50_29.input.gz	4	30	43	5.243956310789694	79.180638	5858
/50_30.input.gz	4	34	78	1.9509337989370397	265.22808999999995	96293
/50_31.input.gz	4	19	35	0.7366691873469381	1.258877	406
/50_32.input.gz	4	35	64	5.219597505645544	10.475789	5216
/50_33.input.gz	4	43	89	6.324522878845331	38.559217000000004	16545
/50_34.input.gz	4	35	84	5.948133130360182	1188.20573	270916
/50_35.input.gz	4	37	128	6.609226416545084	911.109776	238083
/50_36.input.gz	4	36	82	4.477926966231419	16.550757000000004	8190
/50_37.input.gz	4	42	97	5.872241016763216	451.999128	158396
/50_38.input.gz	4	37	88	4.927877516951111	168.934147	58828
/50_39.input.gz	4	27	37	5.2304878147012275	8.509045	1546
/50_40.input.gz	4	15	17	2.2348666799625434	0.43026899999999996	66
/50_41.input.gz	4	42	87	4.870917642981862	813.5890919999999	172368
/50_42.input.gz	4	42	120	5.571639170423704	924.189252	367763
/50_43.input.gz	4	28	35	1.515374929240535	1.2114789999999998	308
/50_44.input.gz	4	None	None	None	None	None
/50_45.input.gz	4	33	55	4.318747619022591	53.051791	8676
/50_46.input.gz	4	24	31	3.2526489642861987	0.83117	230
/50_47.input.gz	4	None	None	None	None	None
/50_48.input.gz	4	31	91	3.8466009528309497	2.453601	1566
/50_49.input.gz	4	34	46	3.5035531292782727	4.7476210000000005	1535
/50_50.input.gz	4	23	23	1.8183580545883282	0.22800900000000002	33
/10_01.input.gz	inf	0	0	0	0.0009489999999999776	0
/10_02.input.gz	inf	3	2	0.014844116836723528	0.00347900000000001	2
/10_03.input.gz	inf	0	0	0	0.0012079999999999869	0
/10_04.input.gz	inf	0	0	0	0.0015480000000000493	0
/10_05.input.gz	inf	0	0	0	0.0015199999999999658	0
/10_06.input.gz	inf	2	1	0.016332823047692235	0.003019999999999967	1
/10_07.input.gz	inf	2	1	0.1823201217257473	0.0030649999999999844	1
/10_08.input.gz	inf	2	1	0.18001968329278162	0.0030879999999999797	1
/10_09.input.gz	inf	4	3	0.5772862963875554	0.0032159999999999966	3
/10_10.input.gz	inf	0	0	0	0.0014989999999999726	0
/10_11.input.gz	inf	2	1	0.026885410864195824	0.001980999999999955	1
/10_12.input.gz	inf	0	0	0	0.0015119999999999578	0
/10_13.input.gz	inf	4	3	0.5907476918139754	0.0043460000000000165	3
/10_14.input.gz	inf	0	0	0	0.0011660000000000004	0
/10_15.input.gz	inf	2	1	0.09358797017402298	0.0029759999999999787	1
/10_16.input.gz	inf	8	7	0.9002680883061417	0.02166900000000005	9
/10_17.input.gz	inf	2	1	0.0705978253489632	0.0029790000000000094	1
/10_18.input.gz	inf	6	5	0.962614417966735	0.005972999999999951	5
/10_19.input.gz	inf	7	6	0.5290327844841725	0.007074000000000025	5
/10_20.input.gz	inf	4	2	0.019110545921591667	0.003318000000000043	1
/10_21.input.gz	inf	2	1	0.015402868469517772	0.0031039999999999957	1
/10_22.input.gz	inf	8	7	0.6154121534523117	0.008296000000000026	7
/10_23.input.gz	inf	2	1	0.0054270774326559135	0.0020139999999999603	1
/10_24.input.gz	inf	7	6	0.2121134084881657	0.008013000000000048	7
/10_25.input.gz	inf	6	7	0.5729178816849865	0.008938000000000001	8
/10_26.input.gz	inf	0	0	0	0.0015109999999999846	0
/10_27.input.gz	inf	5	3	0.14633520637709166	0.0032410000000000494	2
/10_28.input.gz	inf	7	10	1.1227213265382374	0.031244999999999967	17
/10_29.input.gz	inf	3	2	0.1374817633874148	0.00259100000000001	2
/10_30.input.gz	inf	0	0	0	0.0009580000000000144	0
/10_31.input.gz	inf	2	1	0.03419301843936284	0.0029790000000000094	1
/10_32.input.gz	inf	0	0	0	0.0015060000000000073	0
/10_33.input.gz	inf	0	0	0	0.0015400000000000413	0
/10_34.input.gz	inf	8	9	0.5238362209032219	0.027901999999999982	12
/10_35.input.gz	inf	2	1	0.1281201821635085	0.0029810000000000114	1
/10_36.input.gz	inf	7	5	0.7335772962608186	0.006474999999999953	4
/10_37.input.gz	inf	3	2	0.24292377658963954	0.0035310000000000064	2
/10_38.input.gz	inf	5	3	0.040348190262136735	0.004271000000000025	2
/10_39.input.gz	inf	3	2	0.38082648098731114	0.003762999999999961	2
/10_40.input.gz	inf	6	5	0.3079970018834855	0.006518000000000079	6
/10_41.input.gz	inf	8	8	0.6053787854519442	0.018891999999999964	9
/10_42.input.gz	inf	0	0	0	0.0015100000000000113	0
/10_43.input.gz	inf	6	5	0.5872331532668333	0.006817999999999991	6
/10_44.input.gz	inf	7	7	1.2626604387122207	0.012376999999999971	7
/10_45.input.gz	inf	0	0	0	0.0012780000000000569	0
/10_46.input.gz	inf	9	9	1.2311710509077844	0.028322999999999987	14
/10_47.input.gz	inf	0	0	0	0.0010000000000000009	0
/10_48.input.gz	inf	4	4	1.1908326083261531	0.004171000000000036	3
/10_49.input.gz	inf	2	1	0.23727284123479886	0.003002999999999978	1
/10_50.input.gz	inf	2	1	0.00872429098182459	0.0019919999999999938	1
/20_01.input.gz	inf	15	15	0.929518245213026	0.217393	74
/20_02.input.gz	inf	10	9	1.065104259016519	0.02700199999999997	14
/20_03.input.gz	inf	15	19	2.001603064284202	0.30220499999999995	85
/20_04.input.gz	inf	3	2	0.3208818096229695	0.00344899999999998	2
/20_05.input.gz	inf	4	3	0.024670001884458868	0.0036189999999999833	2
/20_06.input.gz	inf	14	18	1.6476323463590836	0.20907699999999996	74
/20_07.input.gz	inf	8	7	0.6082426583417087	0.012813999999999992	9
/20_08.input.gz	inf	16	22	2.0470054119140406	0.194083	56
/20_09.input.gz	inf	11	15	1.600483721302621	0.14102699999999996	42
/20_10.input.gz	inf	9	9	1.5788064539906304	0.02791399999999994	13
/20_11.input.gz	inf	5	3	0.12921074534615662	0.0032969999999999944	2
/20_12.input.gz	inf	9	8	1.9394182168161818	0.011770000000000003	8
/20_13.input.gz	inf	8	9	0.7681347415860491	0.03989599999999999	11
/20_14.input.gz	inf	13	14	1.9126517756170487	0.15053299999999997	44
/20_15.input.gz	inf	17	29	1.5324458479752736	0.6913489999999999	455
/20_16.input.gz	inf	13	14	2.65108199058219	0.165864	44
/20_17.input.gz	inf	5	4	0.05797114098580307	0.00492999999999999	4
/20_18.input.gz	inf	14	13	0.6054348588897768	0.075133	22
/20_19.input.gz	inf	4	4	1.2364113177280898	0.004219999999999946	3
/20_20.input.gz	inf	14	15	2.7240275302570622	0.16133199999999998	44
/20_21.input.gz	inf	15	19	1.1437273224303897	0.225437	75
/20_22.input.gz	inf	14	29	1.8338450959525419	1.149049	486
/20_23.input.gz	inf	6	4	0.47873930329676445	0.005585000000000007	3
/20_24.input.gz	inf	12	11	0.6446953576211489	0.049507999999999996	16
/20_25.input.gz	inf	9	10	1.616980748975945	0.05931799999999998	13
/20_26.input.gz	inf	16	31	3.248513951856207	1.1175000000000002	571
/20_27.input.gz	inf	4	4	0.16055916502725948	0.004174000000000011	2
/20_28.input.gz	inf	12	12	1.4383896880926352	0.06056800000000001	25
/20_29.input.gz	inf	18	24	2.207655325727135	0.7173699999999998	281
/20_30.input.gz	inf	13	18	2.0014342523027113	0.27288700000000005	78
/20_31.input.gz	inf	10	11	1.6129285243153868	0.07141100000000006	24
/20_32.input.gz	inf	14	14	2.325283461238035	0.126077	28
/20_33.input.gz	inf	2	1	0.027295358471904674	0.002907999999999966	1
/20_34.input.gz	inf	7	6	0.23644683166347064	0.00697800000000004	6
/20_35.input.gz	inf	14	25	1.7394258378848064	0.5524009999999999	221
/20_36.input.gz	inf	12	17	1.3286236830172007	0.27571399999999996	67
/20_37.input.gz	inf	13	23	2.0008926682608807	0.33957299999999996	161
/20_38.input.gz	inf	5	4	0.8662933166109803	0.004830999999999974	4
/20_39.input.gz	inf	12	13	1.9535603870538516	0.14599199999999996	23
/20_40.input.gz	inf	15	22	2.2544991320878416	0.44652400000000003	134
/20_41.input.gz	inf	11	15	1.420706015772094	0.097103	27
/20_42.input.gz	inf	14	13	1.2782428204038734	0.09817300000000001	33
/20_43.input.gz	inf	14	22	1.8284576912296844	0.36391899999999994	148
/20_44.input.gz	inf	11	10	1.6669901055870364	0.06420699999999996	21
/20_45.input.gz	inf	17	23	1.5121027291448312	0.591842	236
/20_46.input.gz	inf	8	7	1.4815505475830888	0.02263799999999999	10
/20_47.input.gz	inf	17	22	2.3481726194398562	0.5445810000000001	128
/20_48.input.gz	inf	12	15	1.51904284670086	0.199822	44
/20_49.input.gz	inf	3	2	0.2743159256542576	0.003407000000000049	2
/20_50.input.gz	inf	15	18	1.5393460450012897	0.36581	72
/30_01.input.gz	inf	21	35	4.083268269411518	2.875246	1996
/30_02.input.gz	inf	9	14	1.3167386609703906	0.108595	48
/30_03.input.gz	inf	10	9	1.774358527088754	0.03951300000000002	21
/30_04.input.gz	inf	12	10	0.44207852634290046	0.059231000000000034	15
/30_05.input.gz	inf	6	6	0.08821006169671977	0.007491999999999999	7
/30_06.input.gz	inf	17	22	2.4785869447375917	0.600873	165
/30_07.input.gz	inf	2	1	0.20256812641404776	0.0020499999999999963	1
/30_08.input.gz	inf	18	26	2.0361646983691184	0.53938	172
/30_09.input.gz	inf	24	38	3.0651027132224877	3.421888	3781
/30_10.input.gz	inf	19	24	2.78817493874	0.20530399999999993	87
/30_11.input.gz	inf	9	12	2.4139762547177788	0.07860899999999998	33
/30_12.input.gz	inf	18	17	0.6517943021228588	0.07272700000000004	17
/30_13.input.gz	inf	12	13	2.5266790114290965	0.13397699999999996	25
/30_14.input.gz	inf	12	17	2.1184018783891143	0.27776700000000004	72
/30_15.input.gz	inf	21	23	1.726330371765368	0.331414	131
/30_16.input.gz	inf	26	44	4.896103853295773	4.3343989999999994	1472
/30_17.input.gz	inf	5	6	0.024238250123783056	0.005993999999999999	6
/30_18.input.gz	inf	20	32	2.9391993998823818	2.414482	740
/30_19.input.gz	inf	19	23	0.8791465835796114	0.39467300000000005	98
/30_20.input.gz	inf	13	15	0.6717081823743133	0.187183	59
/30_21.input.gz	inf	7	5	0.3166456873581743	0.006245999999999974	4
/30_22.input.gz	inf	20	29	2.197680150894755	0.5128059999999999	229
/30_23.input.gz	inf	20	28	1.981290895533795	0.9969380000000001	280
/30_24.input.gz	inf	26	58	2.914508797210915	32.855058	10247
/30_25.input.gz	inf	23	35	2.1417019988044035	1.563524	574
/30_26.input.gz	inf	10	11	0.5590132611603464	0.08270700000000003	21
/30_27.input.gz	inf	24	54	3.9309926116205953	14.397751	6356
/30_28.input.gz	inf	20	23	3.3949512123396035	0.48153100000000004	112
/30_29.input.gz	inf	13	18	1.2872097982443382	0.405317	105
/30_30.input.gz	inf	14	29	2.1145702673908384	1.1895129999999998	506
/30_31.input.gz	inf	16	30	2.3788354957155846	1.6831369999999997	693
/30_32.input.gz	inf	17	20	1.650853483115403	0.5082789999999999	80
/30_33.input.gz	inf	22	30	2.622488621784592	0.8157949999999998	214
/30_34.input.gz	inf	20	36	3.104496992812391	1.2593230000000002	565
/30_35.input.gz	inf	20	21	0.8402621659032802	0.438764	104
/30_36.input.gz	inf	12	13	0.6102522562308381	0.09865200000000002	29
/30_37.input.gz	inf	21	44	3.541408612449532	10.850506000000001	3594
/30_38.input.gz	inf	21	26	1.2975686616499285	0.5037860000000001	137
/30_39.input.gz	inf	20	37	4.28213045396648	2.917534	1419
/30_40.input.gz	inf	19	19	2.341784802739511	0.227425	55
/30_41.input.gz	inf	26	45	2.3556140630749645	3.631463	1352
/30_42.input.gz	inf	26	50	4.084827233786281	14.696589	3955
/30_43.input.gz	inf	22	31	2.51486647322552	1.099726	486
/30_44.input.gz	inf	24	42	2.140956080220633	2.1112189999999997	1124
/30_45.input.gz	inf	14	11	0.914595932444677	0.069079	13
/30_46.input.gz	inf	24	46	3.1096008714249805	2.4833700000000003	1825
/30_47.input.gz	inf	20	26	3.0709658264828743	0.496346	140
/30_48.input.gz	inf	17	27	3.844174435002903	0.670841	244
/30_49.input.gz	inf	8	9	0.5006393613492018	0.025195000000000023	17
/30_50.input.gz	inf	12	14	2.0698987456326154	0.16046899999999997	38
/40_01.input.gz	inf	22	18	1.7952233099677264	0.156875	20
/40_02.input.gz	inf	17	16	1.66901735532079	0.392315	27
/40_03.input.gz	inf	26	41	3.852262554201672	7.227503	2408
/40_04.input.gz	inf	25	60	4.226355917574493	47.838236	18654
/40_05.input.gz	inf	29	60	3.561873701939554	119.29790200000001	27383
/40_06.input.gz	inf	18	19	2.89817024450859	0.19904499999999997	49
/40_07.input.gz	inf	27	34	4.024564274155882	2.6054530000000002	521
/40_08.input.gz	inf	35	62	4.222589765495255	5.282094	2704
/40_09.input.gz	inf	19	20	1.2425586405208044	0.42115899999999995	76
/40_10.input.gz	inf	18	29	2.4014734997132257	0.608533	315
/40_11.input.gz	inf	25	40	1.6400612039221938	11.142348	2040
/40_12.input.gz	inf	30	49	3.5878328989628048	33.570455	3305
/40_13.input.gz	inf	22	40	1.9749797106468667	6.340567	1483
/40_14.input.gz	inf	33	53	2.874841226015325	6.912210999999999	1735
/40_15.input.gz	inf	30	40	3.2067225304782605	2.494083	869
/40_16.input.gz	inf	33	69	6.238690547870546	890.534634	86800
/40_17.input.gz	inf	32	63	5.59949759805798	53.716266000000005	13524
/40_18.input.gz	inf	21	35	2.3263081537130574	3.2480100000000003	1301
/40_19.input.gz	inf	27	55	4.240135611995988	15.526735000000002	3068
/40_20.input.gz	inf	24	20	2.570072599423868	0.13312900000000005	18
/40_21.input.gz	inf	34	68	6.871161486637435	299.720561	12319
/40_22.input.gz	inf	12	10	1.6237202585909516	0.07719300000000007	12
/40_23.input.gz	inf	29	58	4.197745032942248	31.977262000000003	7785
/40_24.input.gz	inf	12	9	1.1366521282792474	0.04541299999999998	7
/40_25.input.gz	inf	30	41	5.040591506085811	4.852498	967
/40_26.input.gz	inf	18	28	4.356246019490946	1.507812	304
/40_27.input.gz	inf	26	40	1.5524297430128904	1.6758889999999997	632
/40_28.input.gz	inf	24	33	3.8592095981892167	1.2038090000000001	468
/40_29.input.gz	inf	31	55	3.555323494728773	73.96973	13400
/40_30.input.gz	inf	27	52	2.96667255482115	39.471238	16310
/40_31.input.gz	inf	33	48	4.6712206338562625	6.297348	1657
/40_32.input.gz	inf	27	75	6.2792211723739015	220.442819	54880
/40_33.input.gz	inf	32	45	3.632587261960165	6.813734999999999	5054
/40_34.input.gz	inf	31	87	None	3600.1490400000002	155655
/40_35.input.gz	inf	22	31	3.0743363491554847	1.7466850000000003	488
/40_36.input.gz	inf	25	26	0.8763404531692762	2.575289	531
/40_37.input.gz	inf	33	55	4.513571356606005	91.214305	7840
/40_38.input.gz	inf	30	62	2.7063360385038426	292.707256	36155
/40_39.input.gz	inf	9	6	1.223377054923605	0.007730000000000015	4
/40_40.input.gz	inf	22	24	3.4695562834122113	1.8155210000000004	234
/40_41.input.gz	inf	27	38	3.7363739412658514	5.392982	1323
/40_42.input.gz	inf	28	38	1.968166442027766	6.24146	1385
/40_43.input.gz	inf	16	16	1.073883744672449	0.14159699999999997	33
/40_44.input.gz	inf	32	55	4.076754360821304	13.994641	8347
/40_45.input.gz	inf	27	40	2.3834281657096983	2.512093	1199
/40_46.input.gz	inf	20	26	1.5329933558705542	0.593145	297
/40_47.input.gz	inf	17	30	3.475789342322671	1.228963	416
/40_48.input.gz	inf	17	15	0.6733109837038806	0.04922600000000005	14
/40_49.input.gz	inf	22	24	1.8307137470944654	0.28157099999999996	124
/40_50.input.gz	inf	33	70	6.390472930193012	273.629456	28017
/50_01.input.gz	inf	28	45	4.128283796888724	11.919095	2870
/50_02.input.gz	inf	36	59	5.20524064412553	106.847182	10753
/50_03.input.gz	inf	39	61	6.604762847799891	721.5223450000001	15811
/50_04.input.gz	inf	40	74	4.643345307065207	83.37142300000001	9988
/50_05.input.gz	inf	39	65	4.875613684727462	353.75671500000004	6806
/50_06.input.gz	inf	30	32	2.7361444007623255	0.9146700000000001	284
/50_07.input.gz	inf	37	67	6.643318864432613	455.884641	21538
/50_08.input.gz	inf	30	50	4.516062638198668	53.394875	8925
/50_09.input.gz	inf	38	77	None	3600.875279	63414
/50_10.input.gz	inf	31	45	5.5237135143773495	29.416009	3412
/50_11.input.gz	inf	42	88	None	3608.39099	78300
/50_12.input.gz	inf	25	59	5.364942946790025	180.892064	24492
/50_13.input.gz	inf	41	80	None	3624.8264670000003	61127
/50_14.input.gz	inf	29	53	5.8722825248075505	91.797258	35988
/50_15.input.gz	inf	29	32	2.052008435092297	1.038703	249
/50_16.input.gz	inf	46	106	None	3600.960511	166824
/50_17.input.gz	inf	24	57	4.872044852523071	70.809431	16143
/50_18.input.gz	inf	27	33	2.4862217242054734	3.997953	550
/50_19.input.gz	inf	31	42	3.996717844154095	13.529307000000001	2238
/50_20.input.gz	inf	39	73	5.974811557769033	1860.533479	43512
/50_21.input.gz	inf	26	31	2.8470623865489055	0.6813739999999999	341
/50_22.input.gz	inf	33	47	4.648661900130652	9.442868	2448
/50_23.input.gz	inf	42	75	4.848725298809483	102.648799	36635
/50_24.input.gz	inf	30	61	4.403917675350452	13.298879000000001	4924
/50_25.input.gz	inf	31	66	None	3600.0154880000005	75493
/50_26.input.gz	inf	31	61	6.765967498856332	91.703142	10329
/50_27.input.gz	inf	34	57	3.1334852543839107	140.331567	11616
/50_28.input.gz	inf	39	85	None	3600.043931	55693
/50_29.input.gz	inf	30	43	5.4141478704234896	114.255948	6291
/50_30.input.gz	inf	34	78	None	3869.690758	142647
/50_31.input.gz	inf	19	35	0.8481937622393297	2.360392	833
/50_32.input.gz	inf	35	64	6.1073712361406365	243.594094	19810
/50_33.input.gz	inf	43	89	None	3601.931497	50288
/50_34.input.gz	inf	35	84	None	3612.250564	146484
/50_35.input.gz	inf	37	128	None	3601.421762	75879
/50_36.input.gz	inf	36	82	5.466975998380114	618.465684	33931
/50_37.input.gz	inf	42	97	None	4011.3988259999996	50977
/50_38.input.gz	inf	37	88	None	3600.180522	85076
/50_39.input.gz	inf	27	37	5.314850210824932	11.967044999999999	1878
/50_40.input.gz	inf	15	17	2.2440643423713973	0.391648	67
/50_41.input.gz	inf	42	87	None	3600.012727	67707
/50_42.input.gz	inf	42	120	None	3600.713721	66774
/50_43.input.gz	inf	28	35	1.5513133880386214	2.148346	929
/50_44.input.gz	inf	None	None	None	None	None
/50_45.input.gz	inf	33	55	4.558348561383468	199.065381	11247
/50_46.input.gz	inf	24	31	3.669547268910325	1.20526	426
/50_47.input.gz	inf	None	None	None	None	None
/50_48.input.gz	inf	31	91	5.346618935484559	162.48072100000002	34927
/50_49.input.gz	inf	34	46	3.8412727538125444	18.296472	4590
/50_50.input.gz	inf	23	23	1.9825723638479513	0.33657100000000006	50
